Workbook

Sheet MASTER -YEARLY
B2: THÁNG | C2: THU NHẬP | H2: CHI PHÍ | N2: CÒN LẠI | P2: PHÂN BỔ | S2: TỔNG TÍCH LŨY & ĐẦU TƯ | T2: TIỀN MẶT CÒN LẠI
C3: CK | D3: VK | E3: SUBO | F3: SUGI | G3: TỔNG THU | H3: CHUNG | I3: CK | J3: VK | K3: SUBO | L3: SUGI | M3: TỔNG CHI | P3: TIẾT KIỆM (DỰ PHÒNG) | Q3: ĐẦU TƯ DCA (3 QUỸ) | R3: QUỸ BẮT ĐÁY
B4: 1 | C4: ='T1 - MASTER'!D4 | D4: ='T1 - MASTER'!D5 | E4: ='T1 - MASTER'!D6 | F4: ='T1 - MASTER'!D7 | G4: =SUM(C4:F4) | H4: ='T1 - MASTER'!D13 | I4: ='T1 - MASTER'!D16 | J4: ='T1 - MASTER'!D18 | K4: ='T1 - MASTER'!D14 | L4: ='T1 - MASTER'!D15 | M4: =SUM(H4:L4) | N4: =G4-M4 | O4: =N4/G4 | P4: =MAX(0, N4 - Q4 - R4) | Q4: 12000000 | R4: =MAX(0, MIN(4000000, N4-Q4)) | S4: =P4+Q4+R4 | T4: =N4-S4
B5: 2 | C5: ='T2 - MASTER'!D4 | D5: ='T2 - MASTER'!D5 | E5: ='T2 - MASTER'!D6 | F5: ='T2 - MASTER'!D7 | G5: =SUM(C5:F5) | H5: ='T2 - MASTER'!D13 | I5: ='T2 - MASTER'!D16 | J5: ='T2 - MASTER'!D18 | K5: ='T2 - MASTER'!D14 | L5: ='T2 - MASTER'!D15 | M5: =SUM(H5:L5) | N5: =G5-M5 | O5: =N5/G5 | P5: =MAX(0, N5 - Q5 - R5) | Q5: 12000000 | R5: 4000000 | S5: =P5+Q5+R5 | T5: =N5-S5
B6: 3 | C6: ='T3 - MASTER'!D4 | D6: ='T3 - MASTER'!D5 | E6: ='T3 - MASTER'!D6 | F6: ='T3 - MASTER'!D7 | G6: =SUM(C6:F6) | H6: ='T3 - MASTER'!D13 | I6: ='T3 - MASTER'!D16 | J6: ='T3 - MASTER'!D18 | K6: ='T3 - MASTER'!D14 | L6: ='T3 - MASTER'!D15 | M6: =SUM(H6:L6) | N6: =G6-M6 | O6: =N6/G6 | P6: =MAX(0, N6 - Q6 - R6) | Q6: 12000000 | R6: 4000000 | S6: =P6+Q6+R6 | T6: =N6-S6
B7: 4 | C7: ='T4 - MASTER'!D4 | D7: ='T4 - MASTER'!D5 | E7: ='T4 - MASTER'!D6 | F7: ='T4 - MASTER'!D7 | G7: =SUM(C7:F7) | H7: ='T4 - MASTER'!D13 | I7: ='T4 - MASTER'!D16 | J7: ='T4 - MASTER'!D18 | K7: ='T4 - MASTER'!D14 | L7: ='T4 - MASTER'!D15 | M7: =SUM(H7:L7) | N7: =G7-M7 | O7: =N7/G7 | P7: =MAX(0, N7 - Q7 - R7) | Q7: 12000000 | R7: 4000000 | S7: =P7+Q7+R7 | T7: =N7-S7
B8: 5 | C8: ='T5 - MASTER'!D4 | D8: ='T5 - MASTER'!D5 | E8: ='T5 - MASTER'!D6 | F8: ='T5 - MASTER'!D7 | G8: =SUM(C8:F8) | H8: ='T5 - MASTER'!D13 | I8: ='T5 - MASTER'!D16 | J8: ='T5 - MASTER'!D18 | K8: ='T5 - MASTER'!D14 | L8: ='T5 - MASTER'!D15 | M8: =SUM(H8:L8) | N8: =G8-M8 | O8: =N8/G8 | P8: =MAX(0, N8 - Q8 - R8) | Q8: 12000000 | R8: 4000000 | S8: =P8+Q8+R8 | T8: =N8-S8
B9: 6 | C9: ='T6 - MASTER'!D4 | D9: ='T6 - MASTER'!D5 | E9: ='T6 - MASTER'!D6 | F9: ='T6 - MASTER'!D7 | G9: =SUM(C9:F9) | H9: ='T6 - MASTER'!D13 | I9: ='T6 - MASTER'!D16 | J9: ='T6 - MASTER'!D18 | K9: ='T6 - MASTER'!D14 | L9: ='T6 - MASTER'!D15 | M9: =SUM(H9:L9) | N9: =G9-M9 | O9: =N9/G9 | P9: =MAX(0, N9 - Q9 - R9) | Q9: 12000000 | R9: 4000000 | S9: =P9+Q9+R9 | T9: =N9-S9
B10: 7 | C10: ='T7 - MASTER'!D4 | D10: ='T7 - MASTER'!D5 | E10: ='T7 - MASTER'!D6 | F10: ='T7 - MASTER'!D7 | G10: =SUM(C10:F10) | H10: ='T7 - MASTER'!D13 | I10: ='T7 - MASTER'!D16 | J10: ='T7 - MASTER'!D18 | K10: ='T7 - MASTER'!D14 | L10: ='T7 - MASTER'!D15 | M10: =SUM(H10:L10) | N10: =G10-M10 | O10: =N10/G10 | P10: =MAX(0, N10 - Q10 - R10) | Q10: 0 | R10: 2970000 | S10: =P10+Q10+R10 | T10: =N10-S10
B11: 8 | C11: ='T8 - MASTER'!D4 | D11: ='T8 - MASTER'!D5 | E11: ='T8 - MASTER'!D6 | F11: ='T8 - MASTER'!D7 | G11: =SUM(C11:F11) | H11: ='T8 - MASTER'!D13 | I11: ='T8 - MASTER'!D16 | J11: ='T8 - MASTER'!D18 | K11: ='T8 - MASTER'!D14 | L11: ='T8 - MASTER'!D15 | M11: =SUM(H11:L11) | N11: =G11-M11 | O11: =N11/G11 | P11: =MAX(0, N11 - Q11 - R11) | Q11: 12000000 | R11: 4000000 | S11: =P11+Q11+R11 | T11: =N11-S11
B12: 9 | C12: ='T9 - MASTER'!D4 | D12: ='T9 - MASTER'!D5 | E12: ='T9 - MASTER'!D6 | F12: ='T9 - MASTER'!D7 | G12: =SUM(C12:F12) | H12: ='T9 - MASTER'!D13 | I12: ='T9 - MASTER'!D16 | J12: ='T9 - MASTER'!D18 | K12: ='T9 - MASTER'!D14 | L12: ='T9 - MASTER'!D15 | M12: =SUM(H12:L12) | N12: =G12-M12 | O12: =N12/G12 | P12: =MAX(0, N12 - Q12 - R12) | Q12: 12000000 | R12: 1606000 | S12: =P12+Q12+R12 | T12: =N12-S12
B13: 10 | C13: ='T10 - MASTER'!D4 | D13: ='T10 - MASTER'!D5 | E13: ='T10 - MASTER'!D6 | F13: ='T10 - MASTER'!D7 | G13: =SUM(C13:F13) | H13: ='T10 - MASTER'!D13 | I13: ='T10 - MASTER'!D16 | J13: ='T10 - MASTER'!D18 | K13: ='T10 - MASTER'!D14 | L13: ='T10 - MASTER'!D15 | M13: =SUM(H13:L13) | N13: =G13-M13 | O13: =IF(G13>0, N13/G13, 0) | P13: =MAX(0, N13 - Q13 - R13) | Q13: 12000000 | R13: 4000000 | S13: =P13+Q13+R13 | T13: =N13-S13
B14: 11 | C14: ='T11 - MASTER'!D4 | D14: ='T11 - MASTER'!D5 | E14: ='T11 - MASTER'!D6 | F14: ='T11 - MASTER'!D7 | G14: =SUM(C14:F14) | H14: ='T11 - MASTER'!D13 | I14: ='T11 - MASTER'!D16 | J14: ='T11 - MASTER'!D18 | K14: ='T11 - MASTER'!D14 | L14: ='T11 - MASTER'!D15 | M14: =SUM(H14:L14) | N14: =G14-M14 | O14: =IFERROR(N14/G14, 0) | P14: =MAX(0, N14 - Q14 - R14) | Q14: 0 | R14: 0 | S14: =P14+Q14+R14 | T14: =N14-S14
B15: 12 | C15: ='T12 - MASTER'!D4 | D15: ='T12 - MASTER'!D5 | E15: ='T12 - MASTER'!D6 | F15: ='T12 - MASTER'!D7 | G15: =SUM(C15:F15) | H15: ='T12 - MASTER'!D13 | I15: ='T12 - MASTER'!D16 | J15: ='T12 - MASTER'!D18 | K15: ='T12 - MASTER'!D14 | L15: ='T12 - MASTER'!D15 | M15: =SUM(H15:L15) | N15: =G15-M15 | O15: =IFERROR(N15/G15, 0) | P15: =MAX(0, N15 - Q15 - R15) | Q15: 0 | R15: 0 | S15: =P15+Q15+R15 | T15: =N15-S15
B16: TỔNG (80% TÍCH LŨY) | C16: =SUM(C4:C15) | D16: =SUM(D4:D15) | E16: =SUM(E4:E15) | F16: =SUM(F4:F15) | G16: =SUM(G4:G15) | H16: =SUM(H4:H15) | I16: =SUM(I4:I15) | J16: =SUM(J4:J15) | ... M16: =SUM(M4:M15) | N16: =SUM(N4:N15)*80% | O16: =IFERROR(N16/G16, 0) | P16: =SUM(P4:P15) | Q16: =SUM(Q4:Q15) | R16: =SUM(R4:R15) | S16: =SUM(S4:S15) | T16: =SUM(T4:T15)
B17: TIỀN CÒN LẠI (20%) | N17: =SUM(N4:N15)*20% | O17: =IFERROR(N17/G16, 0)
B18: TỔNG THẶNG DƯ (100%) | N18: =SUM(N4:N15) | O18: =IFERROR(N18/G16, 0)

Sheet T1 - MASTER
B1: 46023
A3: I | B3: THU NHẬP | C3: 1 | D3: =SUM(D4:D7)
A4: 1 | B4: ck | D4: =SUM(E4:H4) | E4: 37700000 | F4: 8000000 | G4: 6500000 | H4: 0
A5: 2 | B5: vk | D5: =SUM(E5:H5) | E5: 26435000 | F5: 200000 | G5: 420000 | H5: 0
A6: 3 | B6: Subo | D6: =SUM(E6:H6) | E6: 720000 | F6: 0 | G6: 0 | H6: 0
A7: 4 | B7: Sugi | D7: =SUM(E7:H7) | E7: 0 | F7: 0 | G7: 0 | H7: 0
A8: II | B8: TIẾT KIỆM | C8: 0.3 | D8: =D3*C8 | I8: CÒN LẠI | K8: =D3-D11
B9: TK thực tế | I9: CP ĐÃ TRỪ NHƯNG CHƯA ĐÓNG | J9: HỌC PHÍ | K9: 9350000
A10: III | B10: CHI PHÍ | C10: 0.7 | D10: =D3*C10 | J10: ĐIỆN THOẠI | K10: 3000000
B11: CP Thực tế | D11: =SUM(D12,D16,D18) | I11: actual | K11: =SUM(K8:K10)
A12: 1 | B12: Chi phí chung gia đình | C12: =IFERROR(D12/D11, 0) | D12: =SUM(D13:D15)
A13: a | B13: Chi phí chung | C13: =IFERROR(D13/$D$10, 0) | D13: ='T1 - DETAIL'!I2
A14: b | B14: Chi phí riêng subo | C14: =IFERROR(D14/$D$10, 0) | D14: ='T1 - DETAIL'!I5
A15: c | B15: chi phí riêng sugi | C15: =IFERROR(D15/$D$10, 0) | D15: ='T1 - DETAIL'!I6
A16: 2 | B16: Chi phí riêng ck (20%) | C16: =IFERROR(D16/D11, 0) | D16: ='T1 - DETAIL'!I3 | F16: =B17-D16
B17: =20%*D10
A18: 3 | B18: Chi phí riêng vk (20%) | C18: =IFERROR(D18/D11, 0) | D18: ='T1 - DETAIL'!I4 | F18: =B19-D18
B19: =20%*D10

Sheet T1 - DETAIL
H1: Tổng | I1: =SUM(F4:F1025) | J1: ăn uống | K1: vui chơi | L1: công việc | M1: học tập | N1: đồ dùng GĐ | O1: Phí tiện ích | P1: làm đẹp | Q1: y tế | R1: event | S1: nợ
B2: Ngày | C2: nội dung | D2: Hạng mục | E2: Phân loại | F2: Số Tiền | H2: Chung | I2: =SUM(J2:S2) | J2: =SUMIFS($F$4:$F$844 , $D$4:$D$844, "Ăn uống", $E$4:$E$844, "chung") | K2: =SUMIFS($F$4:$F$844 , $D$4:$D$844, "vui chơi", $E$4:$E$844, "chung") | L2: =SUMIFS($F$4:$F$844 , $D$4:$D$844, "Công việc", $E$4:$E$844, "chung") | M2: =SUMIFS($F$4:$F$844 , $D$4:$D$844, "học tập", $E$4:$E$844, "chung") | N2: =SUMIFS($F$4:$F$844 , $D$4:$D$844, "đồ dùng GĐ", $E$4:$E$844, "chung") | O2: =SUMIFS($F$4:$F$844 , $D$4:$D$844, "phí tiện ích", $E$4:$E$844, "chung") | P2: =SUMIFS($F$4:$F$844 , $D$4:$D$844, "Làm đẹp", $E$4:$E$844, "chung") | Q2: =SUMIFS($F$4:$F$844 , $D$4:$D$844, "Y tế", $E$4:$E$844, "chung") | R2: =SUMIFS($F$4:$F$844 , $D$4:$D$844, "event", $E$4:$E$844, "chung") | S2: =SUMIFS($F$4:$F$844 , $D$4:$D$844, "Nợ", $E$4:$E$844, "chung")
F3: =SUM(F4:F844) | H3: Chồng | I3: =SUM(J3:S3) | J3: =SUMIFS($F$4:$F$844 , $D$4:$D$844, "Ăn uống", $E$4:$E$844, "chồng") | K3: =SUMIFS($F$4:$F$844 , $D$4:$D$844, "vui chơi", $E$4:$E$844, "chồng") | L3: =SUMIFS($F$4:$F$844 , $D$4:$D$844, "Công việc", $E$4:$E$844, "chồng") | M3: =SUMIFS($F$4:$F$844 , $D$4:$D$844, "học tập", $E$4:$E$844, "chồng") | N3: =SUMIFS($F$4:$F$844 , $D$4:$D$844, "đồ dùng GĐ", $E$4:$E$844, "chồng") | O3: =SUMIFS($F$4:$F$844 , $D$4:$D$844, "phí tiện ích", $E$4:$E$844, "chồng") | P3: =SUMIFS($F$4:$F$844 , $D$4:$D$844, "Làm đẹp", $E$4:$E$844, "chồng") | Q3: =SUMIFS($F$4:$F$844 , $D$4:$D$844, "Y tế", $E$4:$E$844, "chồng") | R3: =SUMIFS($F$4:$F$844 , $D$4:$D$844, "event", $E$4:$E$844, "chồng") | S3: =SUMIFS($F$4:$F$844 , $D$4:$D$844, "Nợ", $E$4:$E$844, "chồng")
B4: 45658 | C4: điện thoại | D4: Nợ | E4: vợ | F4: 3000000 | H4: vợ | I4: =SUM(J4:S4) | J4: =SUMIFS($F$4:$F$844 , $D$4:$D$844, "Ăn uống", $E$4:$E$844, "vợ") | K4: =SUMIFS($F$4:$F$844 , $D$4:$D$844, "vui chơi", $E$4:$E$844, "vợ") | L4: =SUMIFS($F$4:$F$844 , $D$4:$D$844, "Công việc", $E$4:$E$844, "vợ") | M4: =SUMIFS($F$4:$F$844 , $D$4:$D$844, "học tập", $E$4:$E$844, "vợ") | N4: =SUMIFS($F$4:$F$844 , $D$4:$D$844, "đồ dùng GĐ", $E$4:$E$844, "vợ") | O4: =SUMIFS($F$4:$F$844 , $D$4:$D$844, "phí tiện ích", $E$4:$E$844, "vợ") | P4: =SUMIFS($F$4:$F$844 , $D$4:$D$844, "Làm đẹp", $E$4:$E$844, "vợ") | Q4: =SUMIFS($F$4:$F$844 , $D$4:$D$844, "Y tế", $E$4:$E$844, "vợ") | R4: =SUMIFS($F$4:$F$844 , $D$4:$D$844, "event", $E$4:$E$844, "vợ") | S4: =SUMIFS($F$4:$F$844 , $D$4:$D$844, "Nợ", $E$4:$E$844, "vợ")
C5: học phí subo | D5: học tập | E5: SUBO | F5: 9350000 | H5: subo | I5: =SUM(J5:S5) | J5: =SUMIFS($F$4:$F$844 , $D$4:$D$844, "Ăn uống", $E$4:$E$844, "SUBO") | K5: =SUMIFS($F$4:$F$844 , $D$4:$D$844, "vui chơi", $E$4:$E$844, "SUBO") | L5: =SUMIFS($F$4:$F$844 , $D$4:$D$844, "Công việc", $E$4:$E$844, "SUBO") | M5: =SUMIFS($F$4:$F$844 , $D$4:$D$844, "học tập", $E$4:$E$844, "SUBO") | N5: =SUMIFS($F$4:$F$844 , $D$4:$D$844, "đồ dùng GĐ", $E$4:$E$844, "SUBO") | O5: =SUMIFS($F$4:$F$844 , $D$4:$D$844, "phí tiện ích", $E$4:$E$844, "SUBO") | P5: =SUMIFS($F$4:$F$844 , $D$4:$D$844, "Làm đẹp", $E$4:$E$844, "SUBO") | Q5: =SUMIFS($F$4:$F$844 , $D$4:$D$844, "Y tế", $E$4:$E$844, "SUBO") | R5: =SUMIFS($F$4:$F$844 , $D$4:$D$844, "event", $E$4:$E$844, "SUBO") | S5: =SUMIFS($F$4:$F$844 , $D$4:$D$844, "Nợ", $E$4:$E$844, "SUBO")
C6: cơm tấm, cơm cá hồi, busan | D6: Ăn uống | E6: Chung | F6: =286000+141000+144000 | G6: vp | H6: sugi | I6: =SUM(J6:S6) | J6: =SUMIFS($F$4:$F$844 , $D$4:$D$844, "Ăn uống", $E$4:$E$844, "SUGI") | K6: =SUMIFS($F$4:$F$844 , $D$4:$D$844, "vui chơi", $E$4:$E$844, "SUGI") | L6: =SUMIFS($F$4:$F$844 , $D$4:$D$844, "Công việc", $E$4:$E$844, "SUGI") | M6: =SUMIFS($F$4:$F$844 , $D$4:$D$844, "học tập", $E$4:$E$844, "SUGI") | N6: =SUMIFS($F$4:$F$844 , $D$4:$D$844, "đồ dùng GĐ", $E$4:$E$844, "SUGI") | O6: =SUMIFS($F$4:$F$844 , $D$4:$D$844, "phí tiện ích", $E$4:$E$844, "SUGI") | P6: =SUMIFS($F$4:$F$844 , $D$4:$D$844, "Làm đẹp", $E$4:$E$844, "SUGI") | Q6: =SUMIFS($F$4:$F$844 , $D$4:$D$844, "Y tế", $E$4:$E$844, "SUGI") | R6: =SUMIFS($F$4:$F$844 , $D$4:$D$844, "event", $E$4:$E$844, "SUGI") | S6: =SUMIFS($F$4:$F$844 , $D$4:$D$844, "Nợ", $E$4:$E$844, "SUGI")
C7: shopee ( túi hút chân ko, móc đồ, mocz treo QA, kệ giày, đồ chà,..) | D7: đồ dùng GĐ | E7: Chung | F7: =101000+162000+37000+15000+107000 | G7: vp | I7: sum | J7: =SUM(J2:J6) | K7: =SUM(K2:K6) | L7: =SUM(L2:L6) | M7: =SUM(M2:M6) | N7: =SUM(N2:N6) | O7: =SUM(O2:O6) | P7: =SUM(P2:P6) | Q7: =SUM(Q2:Q6) | ... S7: =SUM(S2:S6)
C8: shopee quần áo sugi | D8: Làm đẹp | E8: SUGI | F8: =163000+511000 | G8: vp | I8: % | J8: =J7/$I$1 | K8: =K7/$I$1 | L8: =L7/$I$1 | M8: =M7/$I$1 | N8: =N7/$I$1 | O8: =O7/$I$1 | P8: =P7/$I$1 | Q8: =Q7/$I$1 | ... S8: =S7/$I$1
C9: trái cây | D9: Ăn uống | E9: Chung | F9: 950000
C10: ăn sáng | D10: Ăn uống | E10: Chung | F10: 95000
C11: gà | D11: Ăn uống | E11: Chung | F11: 390000 | V11: =J4/14
C12: vòi nước | D12: đồ dùng GĐ | E12: Chung | F12: 160000
C13: tiền đt | D13: phí tiện ích | E13: vợ | F13: 45000 | V13: =J3/14
C14: keo | D14: đồ dùng GĐ | E14: Chung | F14: 39000 | G14: vp
C15: sữa | D15: Ăn uống | E15: Chung | F15: 477000 | G15: vp
B16: 46024 | C16: ăn sáng, nước dừa | D16: Ăn uống | E16: Chung | F16: =190000+86000
C17: heo quay | D17: Ăn uống | E17: Chung | F17: 83000 | G17: vp
C18: hành ngò... | D18: Ăn uống | E18: Chung | F18: =37000+16000 | G18: vp-done
C19: tắc | D19: Ăn uống | E19: Chung | F19: 7000
B20: 46025 | C20: bún, bánh mì | D20: Ăn uống | E20: Chung | F20: 56000 | G20: vp
C21: cây xà phòng | D21: vui chơi | E21: SUBO | F21: 39000 | G21: vp
C22: cơm bắc | D22: Ăn uống | E22: Chung | F22: 277000
C23: hoa, lá giang | D23: Ăn uống | E23: Chung | F23: 40000
C24: trái cây | D24: Ăn uống | E24: Chung | F24: 297000
C25: phí cc | D25: phí tiện ích | E25: Chung | F25: 432000
C26: shopee đồ sửa nhà | D26: đồ dùng GĐ | E26: Chung | F26: 182000 | G26: vp-done
B27: 4/1 | C27: tiniworld | D27: vui chơi | E27: SUBO | F27: 162000 | G27: vp
C28: emart | D28: Ăn uống | E28: Chung | F28: =45000+815000 | G28: vp
B29: 5/1 | C29: shopee đồ sắp xếp trong nhà (túi đựng đồ) | D29: đồ dùng GĐ | E29: Chung | F29: 86000 | G29: vp
C30: rau chợ | D30: Ăn uống | E30: Chung | F30: 30000
B31: 6/1 | C31: vé máy bay | D31: phí tiện ích | E31: Chung | F31: 1296000 | G31: vp-done
C32: rau chợ | D32: Ăn uống | E32: Chung | F32: 29000
C33: que test đường | D33: Y tế | E33: Chung | F33: 158000 | G33: vp
B34: 7/1 | C34: chat gpt | D34: Công việc | E34: Chung | F34: =44213000-43624000 | G34: vp
C35: trái cây | D35: Ăn uống | E35: Chung | F35: 1320000
C36: rau | D36: Ăn uống | E36: Chung | F36: 45000
B37: 8/1 | C37: đóng thuế ck | D37: Nợ | E37: chồng | F37: 3000000
C38: rau | D38: Ăn uống | E38: Chung | F38: 43000
B39: 9/1 | C39: shinhan | D39: Nợ | E39: chồng | F39: 2250000
C40: khám thai | D40: Y tế | E40: Chung | F40: =910000+1110000
B41: 10/1 | C41: tiền điện | D41: phí tiện ích | E41: Chung | F41: 655000
C42: internet | D42: phí tiện ích | E42: Chung | F42: 220000
C43: siêu thị bhx, coop food, kingfood | D43: Ăn uống | E43: Chung | F43: 505000 | G43: vp
B44: 11/1 | C44: tini | D44: vui chơi | E44: SUBO | F44: 235000 | G44: vp
C45: tini | D45: vui chơi | E45: SUBO | F45: 59000
C46: coop | D46: Ăn uống | E46: Chung | F46: =155000+293000 | G46: vp-done
C47: ăn sáng, rau | D47: Ăn uống | E47: Chung | F47: =70000+26000+4000
B48: 12/1 | C48: hoc phí subo, dã ngoại | D48: học tập | E48: SUBO | F48: =2590000+350000 | T48: =J2+J3+J4
C49: Đổ xăng | D49: phí tiện ích | E49: chồng | F49: 60000
B50: 13/1 | C50: nộp tiền đt | D50: phí tiện ích | E50: vợ | F50: 100000
C51: cơm tối | D51: Ăn uống | E51: Chung | F51: 281000 | T51: =T48/20
C52: đổ xăng | D52: phí tiện ích | E52: vợ | F52: 68000 | G52: vp
C53: sữa chua bhx | D53: Ăn uống | E53: Chung | F53: 55000 | G53: vp
B54: 14/1 | C54: cooop mart | D54: Ăn uống | E54: Chung | F54: 145000 | G54: vp
C55: google | D55: Công việc | E55: Chung | F55: 21000 | G55: vp
C56: trái cây | D56: Ăn uống | E56: Chung | F56: 341000
B57: 15/01 | C57: spee | D57: đồ dùng GĐ | E57: Chung | F57: 256000 | G57: vp
C58: spee khăn tắm nappi | D58: đồ dùng GĐ | E58: SUGI | F58: 361000 | G58: vp | H58: =SUM(F52, F53, F54, F55, F57, F58, F59, F60, F61, F62, F63, F64, F65, F66, F67, F68, F69, F70, F72, F73, F74, F75, F76, F78, F79, F80, F81, F85, F86, F87, F90, F92,F95,F96,F97,F98,F99,F101,F102)
C59: spee | D59: đồ dùng GĐ | E59: Chung | F59: 62000 | G59: vp
C60: spee khăn ướt | D60: đồ dùng GĐ | E60: SUGI | F60: 374000 | G60: vp
C61: spee bình hút sữa | D61: đồ dùng GĐ | E61: SUGI | F61: 756000 | G61: vp
C62: spee nước rửa bình sữa, cọ | D62: đồ dùng GĐ | E62: SUGI | F62: 228000 | G62: vp
C63: spee quạt điện | D63: đồ dùng GĐ | E63: Chung | F63: 296000 | G63: vp
C64: spee | D64: đồ dùng GĐ | E64: Chung | F64: 367000 | G64: vp
C65: spee khăn sữa, tấm lót | D65: đồ dùng GĐ | E65: SUGI | F65: 212000 | G65: vp
C66: spee khẩu trang | D66: đồ dùng GĐ | E66: Chung | F66: 111000 | G66: vp
C67: spee khăn tắm | D67: đồ dùng GĐ | E67: Chung | F67: 239000 | G67: vp
C68: spee kem hăm | D68: đồ dùng GĐ | E68: SUGI | F68: 150000 | G68: vp
C69: spee áo dài | D69: Làm đẹp | E69: SUBO | F69: 299000 | G69: vp
C70: spee que test đường,... | D70: Y tế | E70: Chung | F70: 236000 | G70: vp
C71: spee (áo) | D71: Làm đẹp | E71: SUGI | F71: 88000
C72: cơm trưa | D72: Ăn uống | E72: vợ | F72: 35000 | G72: vp
C73: spee | D73: đồ dùng GĐ | E73: Chung | F73: 453000 | G73: vp
C74: spee sữa | D74: Ăn uống | E74: Chung | F74: 436000 | G74: vp
C75: spee (khăn sữa) | D75: đồ dùng GĐ | E75: SUGI | F75: 161000 | G75: vp
C76: spee (khăn sữa) | D76: đồ dùng GĐ | E76: SUGI | F76: 109000 | G76: vp
C77: spee (khẩu trang) | D77: đồ dùng GĐ | E77: SUBO | F77: =225000-F76 | G77: vp
C78: spee (áo lót hút sữa) | D78: đồ dùng GĐ | E78: Chung | F78: 94000 | G78: vp
C79: spee (dầu tắm khô) | D79: đồ dùng GĐ | E79: Chung | F79: 147000 | G79: vp
C80: spee (muối o mai) | D80: Ăn uống | E80: Chung | F80: 60000 | G80: vp
C81: spee (túi đựng đồ) | D81: đồ dùng GĐ | E81: Chung | F81: 104000 | G81: vp
C82: spee (tã quần) | D82: đồ dùng GĐ | E82: Chung | F82: 65000
C83: spee | D83: đồ dùng GĐ | E83: Chung | F83: 16660
C84: spee (tã quần) | D84: đồ dùng GĐ | E84: Chung | F84: 61000
B85: 16/1 | C85: ăn trưa | D85: Ăn uống | E85: vợ | F85: 34000 | G85: vp
C86: xăng ck | D86: phí tiện ích | E86: chồng | F86: 72000 | G86: vp
C87: ăn tối | D87: Ăn uống | E87: Chung | F87: =89000+104000 | G87: vp
C88: khám tiểu đg | D88: Y tế | E88: Chung | F88: 250000
C89: khám thai | D89: Y tế | E89: Chung | F89: 550000
B90: 17/1 | C90: cafe | D90: Ăn uống | E90: Chung | F90: 215000 | G90: vp
C91: giữ xe | D91: phí tiện ích | E91: Chung | F91: 1020000
C92: gà ác | D92: Ăn uống | E92: Chung | F92: 102000 | G92: vp
C93: ếch | D93: Ăn uống | E93: Chung | F93: 487000
C94: be | D94: Công việc | E94: chồng | F94: 27000
C95: you tube | D95: vui chơi | E95: chồng | F95: 88000 | G95: vp
B96: 18/1 | C96: tất cho subo | D96: đồ dùng GĐ | E96: SUBO | F96: 123000 | G96: vp
C97: coop sư vạn hạnh | D97: Ăn uống | E97: Chung | F97: =115000+791000 | G97: vp
C98: kem | D98: Ăn uống | E98: Chung | F98: 194000 | G98: vp
C99: bhx | D99: Ăn uống | E99: Chung | F99: 83000 | G99: vp
B100: 19/1 | C100: win mart rau mướp | D100: Ăn uống | E100: Chung | F100: 138000
...

Sheet T8 - MASTER
B1: 46023
A3: I | B3: THU NHẬP | C3: 1 | D3: =SUM(D4:D7)
B4: ck | D4: =SUM(E4:H4) | E4: 45454000 | F4: 8000000 | G4: 0 | H4: 0
A5: 2 | B5: vk | D5: =SUM(E5:H5) | E5: 30000000 | F5: 5000000 | G5: 0 | H5: 0
A6: 3 | B6: Subo | D6: =SUM(E6:H6) | F6: 0 | G6: 0 | H6: 0
A7: 4 | B7: Sugi | D7: =SUM(E7:H7) | E7: 0 | F7: 0 | G7: 0 | H7: 0
A8: II | B8: TIẾT KIỆM | C8: 0.3 | D8: =D3*C8 | I8: CÒN LẠI | K8: =D3-D11
B9: TK thực tế | I9: CP ĐÃ TRỪ NHƯNG CHƯA ĐÓNG | J9: HỌC PHÍ
A10: III | B10: CHI PHÍ | C10: 0.7 | D10: =D3*C10 | J10: ĐIỆN THOẠI
B11: CP Thực tế | D11: =SUM(D12,D16,D18) | K11: =SUM(K8:K10)
A12: 1 | B12: Chi phí chung gia đình | C12: =IFERROR(D12/D11, 0) | D12: =SUM(D13:D15)
A13: a | B13: Chi phí chung | C13: =IFERROR(D13/$D$10, 0) | D13: ='T8 - DETAIL'!I2
A14: b | B14: Chi phí riêng subo | C14: =IFERROR(D14/$D$10, 0) | D14: ='T8 - DETAIL'!I5
A15: c | B15: chi phí riêng sugi | C15: =IFERROR(D15/$D$10, 0) | D15: ='T8 - DETAIL'!I6
A16: 2 | B16: Chi phí riêng ck (30%) | C16: =IFERROR(D16/D11, 0) | D16: ='T8 - DETAIL'!I3
B17: =30%*D10
A18: 3 | B18: Chi phí riêng vk (30%) | C18: =IFERROR(D18/D11, 0) | D18: ='T8 - DETAIL'!I4
B19: =30%*D10

Sheet T9 - MASTER
B1: 46023
A3: I | B3: THU NHẬP | C3: 1 | D3: =SUM(D4:D7)
A4: 1 | B4: ck | D4: =SUM(E4:H4) | E4: 45500000 | F4: 8000000 | G4: 0 | H4: 0
A5: 2 | B5: vk | D5: =SUM(E5:H5) | E5: 34100000 | F5: 18000000 | G5: 0 | H5: 0
A6: 3 | B6: Subo | D6: =SUM(E6:H6) | E6: 2000000 | F6: 2000000 | G6: 0 | H6: 0
A7: 4 | B7: Sugi | D7: =SUM(E7:H7) | E7: 0 | F7: 0 | G7: 0 | H7: 0
A8: II | B8: TIẾT KIỆM | C8: 0.3 | D8: =D3*C8 | I8: CÒN LẠI | K8: =D3-D11
B9: TK thực tế | I9: CP ĐÃ TRỪ NHƯNG CHƯA ĐÓNG | J9: HỌC PHÍ
A10: III | B10: CHI PHÍ | C10: 0.7 | D10: =D3*C10 | J10: ĐIỆN THOẠI
B11: CP Thực tế | D11: =SUM(D12,D16,D18) | K11: =SUM(K8:K10)
A12: 1 | B12: Chi phí chung gia đình | C12: =IFERROR(D12/D11, 0) | D12: =SUM(D13:D15)
A13: a | B13: Chi phí chung | C13: =IFERROR(D13/$D$10, 0) | D13: ='T9 - DETAIL'!I2
A14: b | B14: Chi phí riêng subo | C14: =IFERROR(D14/$D$10, 0) | D14: ='T9 - DETAIL'!I5
A15: c | B15: chi phí riêng sugi | C15: =IFERROR(D15/$D$10, 0) | D15: ='T9 - DETAIL'!I6
A16: 2 | B16: Chi phí riêng ck (30%) | C16: =IFERROR(D16/D11, 0) | D16: ='T9 - DETAIL'!I3
B17: =30%*D10
A18: 3 | B18: Chi phí riêng vk (30%) | C18: =IFERROR(D18/D11, 0) | D18: ='T9 - DETAIL'!I4
B19: =30%*D10

Sheet T11 - MASTER
B1: 46023
A3: I | B3: THU NHẬP | C3: 1 | D3: =SUM(D4:D7)
A4: 1 | B4: ck | D4: =SUM(E4:H4) | E4: 0 | F4: 0 | G4: 0 | H4: 0
A5: 2 | B5: vk | D5: =SUM(E5:H5) | E5: 0 | F5: 0 | G5: 0 | H5: 0
A6: 3 | B6: Subo | D6: =SUM(E6:H6) | E6: 0 | F6: 0 | G6: 0 | H6: 0
A7: 4 | B7: Sugi | D7: =SUM(E7:H7) | E7: 0 | F7: 0 | G7: 0 | H7: 0
A8: II | B8: TIẾT KIỆM | C8: 0.3 | D8: =D3*C8 | I8: CÒN LẠI | K8: =D3-D11
B9: TK thực tế | I9: CP ĐÃ TRỪ NHƯNG CHƯA ĐÓNG | J9: HỌC PHÍ
A10: III | B10: CHI PHÍ | C10: 0.7 | D10: =D3*C10 | J10: ĐIỆN THOẠI
B11: CP Thực tế | D11: =SUM(D12,D16,D18) | K11: =SUM(K8:K10)
A12: 1 | B12: Chi phí chung gia đình | C12: =IFERROR(D12/D11, 0) | D12: =SUM(D13:D15)
A13: a | B13: Chi phí chung | C13: =IFERROR(D13/$D$10, 0) | D13: ='T11 - DETAIL'!I2
A14: b | B14: Chi phí riêng subo | C14: =IFERROR(D14/$D$10, 0) | D14: ='T11 - DETAIL'!I5
A15: c | B15: chi phí riêng sugi | C15: =IFERROR(D15/$D$10, 0) | D15: ='T11 - DETAIL'!I6
A16: 2 | B16: Chi phí riêng ck (30%) | C16: =IFERROR(D16/D11, 0) | D16: ='T11 - DETAIL'!I3
B17: =30%*D10
A18: 3 | B18: Chi phí riêng vk (30%) | C18: =IFERROR(D18/D11, 0) | D18: ='T11 - DETAIL'!I4
B19: =30%*D10

Sheet T10 - MASTER
B1: 46296
A3: I | B3: THU NHẬP | C3: 1 | D3: =SUM(D4:D7)
A4: 1 | B4: ck | D4: =SUM(E4:H4) | E4: 45000000 | F4: 0 | G4: 0 | H4: 0
A5: 2 | B5: vk | D5: =SUM(E5:H5) | E5: 34283000 | F5: 500000 | G5: 0 | H5: 0
A6: 3 | B6: Subo | D6: =SUM(E6:H6) | E6: 0 | F6: 0 | G6: 0 | H6: 0
A7: 4 | B7: Sugi | D7: =SUM(E7:H7) | E7: 0 | F7: 0 | G7: 0 | H7: 0
A8: II | B8: TIẾT KIỆM | C8: 0.3 | D8: =D3*C8 | I8: CÒN LẠI | K8: =D3-D11
B9: TK thực tế | I9: CP ĐÃ TRỪ NHƯNG CHƯA ĐÓNG | J9: HỌC PHÍ
A10: III | B10: CHI PHÍ | C10: 0.7 | D10: =D3*C10 | J10: ĐIỆN THOẠI
B11: CP Thực tế | D11: =SUM(D12,D16,D18) | K11: =SUM(K8:K10)
A12: 1 | B12: Chi phí chung gia đình | C12: =IFERROR(D12/D11, 0) | D12: =SUM(D13:D15)
A13: a | B13: Chi phí chung | C13: =IFERROR(D13/$D$10, 0) | D13: ='T10 - DETAIL'!I2
A14: b | B14: Chi phí riêng subo | C14: =IFERROR(D14/$D$10, 0) | D14: ='T10 - DETAIL'!I5
A15: c | B15: chi phí riêng sugi | C15: =IFERROR(D15/$D$10, 0) | D15: ='T10 - DETAIL'!I7
A16: 2 | B16: Chi phí riêng ck (30%) | C16: =IFERROR(D16/D11, 0) | D16: ='T10 - DETAIL'!I3
B17: =30%*D10
A18: 3 | B18: Chi phí riêng vk (30%) | C18: =IFERROR(D18/D11, 0) | D18: ='T10 - DETAIL'!I4
B19: =30%*D10

Sheet T12 - MASTER
B1: 46357
A3: I | B3: THU NHẬP | C3: 1 | D3: =SUM(D4:D7)
A4: 1 | B4: ck | D4: =SUM(E4:H4) | E4: 0 | F4: 0 | G4: 0 | H4: 0
A5: 2 | B5: vk | D5: =SUM(E5:H5) | E5: 0 | F5: 0 | G5: 0 | H5: 0
A6: 3 | B6: Subo | D6: =SUM(E6:H6) | E6: 0 | F6: 0 | G6: 0 | H6: 0
A7: 4 | B7: Sugi | D7: =SUM(E7:H7) | E7: 0 | F7: 0 | G7: 0 | H7: 0
A8: II | B8: TIẾT KIỆM | C8: 0.3 | D8: =D3*C8 | I8: CÒN LẠI | K8: =D3-D11
B9: TK thực tế | I9: CP ĐÃ TRỪ NHƯNG CHƯA ĐÓNG | J9: HỌC PHÍ
A10: III | B10: CHI PHÍ | C10: 0.7 | D10: =D3*C10 | J10: ĐIỆN THOẠI
B11: CP Thực tế | D11: =SUM(D12,D16,D18) | K11: =SUM(K8:K10)
A12: 1 | B12: Chi phí chung gia đình | C12: =IFERROR(D12/D11, 0) | D12: =SUM(D13:D15)
A13: a | B13: Chi phí chung | C13: =IFERROR(D13/$D$10, 0) | D13: ='T12 - DETAIL'!I2
A14: b | B14: Chi phí riêng subo | C14: =IFERROR(D14/$D$10, 0) | D14: ='T12 - DETAIL'!I5
A15: c | B15: chi phí riêng sugi | C15: =IFERROR(D15/$D$10, 0) | D15: ='T12 - DETAIL'!I6
A16: 2 | B16: Chi phí riêng ck (30%) | C16: =IFERROR(D16/D11, 0) | D16: ='T12 - DETAIL'!I3
B17: =30%*D10
A18: 3 | B18: Chi phí riêng vk (30%) | C18: =IFERROR(D18/D11, 0) | D18: ='T12 - DETAIL'!I4
B19: =30%*D10

Sheet T8 - DETAIL
H1: Tổng | I1: =SUM(F4:F984) | J1: ăn uống | K1: vui chơi | L1: công việc | M1: học tập | N1: đồ dùng GĐ | O1: Phí tiện ích | P1: làm đẹp | Q1: y tế | R1: event | S1: nợ
B2: Ngày | C2: nội dung | D2: Hạng mục | E2: Phân loại | F2: Số Tiền | H2: Chung | I2: =SUM(J2:S2) | J2: =SUMIFS($F$4:$F$803 , $D$4:$D$803, "Ăn uống", $E$4:$E$803, "chung") | K2: =SUMIFS($F$4:$F$803 , $D$4:$D$803, "vui chơi", $E$4:$E$803, "chung") | L2: =SUMIFS($F$4:$F$803 , $D$4:$D$803, "Công việc", $E$4:$E$803, "chung") | M2: =SUMIFS($F$4:$F$803 , $D$4:$D$803, "học tập", $E$4:$E$803, "chung") | N2: =SUMIFS($F$4:$F$803 , $D$4:$D$803, "đồ dùng GĐ", $E$4:$E$803, "chung") | O2: =SUMIFS($F$4:$F$803 , $D$4:$D$803, "phí tiện ích", $E$4:$E$803, "chung") | P2: =SUMIFS($F$4:$F$803 , $D$4:$D$803, "Làm đẹp", $E$4:$E$803, "chung") | Q2: =SUMIFS($F$4:$F$803 , $D$4:$D$803, "Y tế", $E$4:$E$803, "chung") | R2: =SUMIFS($F$4:$F$803 , $D$4:$D$803, "event", $E$4:$E$803, "chung") | S2: =SUMIFS($F$4:$F$803 , $D$4:$D$803, "Nợ", $E$4:$E$803, "chung")
F3: =SUM(F4:F803) | H3: Chồng | I3: =SUM(J3:S3) | J3: =SUMIFS($F$4:$F$803 , $D$4:$D$803, "Ăn uống", $E$4:$E$803, "chồng") | K3: =SUMIFS($F$4:$F$803 , $D$4:$D$803, "vui chơi", $E$4:$E$803, "chồng") | L3: =SUMIFS($F$4:$F$803 , $D$4:$D$803, "Công việc", $E$4:$E$803, "chồng") | M3: =SUMIFS($F$4:$F$803 , $D$4:$D$803, "học tập", $E$4:$E$803, "chồng") | N3: =SUMIFS($F$4:$F$803 , $D$4:$D$803, "đồ dùng GĐ", $E$4:$E$803, "chồng") | O3: =SUMIFS($F$4:$F$803 , $D$4:$D$803, "phí tiện ích", $E$4:$E$803, "chồng") | P3: =SUMIFS($F$4:$F$803 , $D$4:$D$803, "Làm đẹp", $E$4:$E$803, "chồng") | Q3: =SUMIFS($F$4:$F$803 , $D$4:$D$803, "Y tế", $E$4:$E$803, "chồng") | R3: =SUMIFS($F$4:$F$803 , $D$4:$D$803, "event", $E$4:$E$803, "chồng") | S3: =SUMIFS($F$4:$F$803 , $D$4:$D$803, "Nợ", $E$4:$E$803, "chồng")
C4: nợ ck shinhan | D4: Nợ | E4: chồng | F4: 4500000 | H4: vợ | I4: =SUM(J4:S4) | J4: =SUMIFS($F$4:$F$803 , $D$4:$D$803, "Ăn uống", $E$4:$E$803, "vợ") | K4: =SUMIFS($F$4:$F$803 , $D$4:$D$803, "vui chơi", $E$4:$E$803, "vợ") | L4: =SUMIFS($F$4:$F$803 , $D$4:$D$803, "Công việc", $E$4:$E$803, "vợ") | M4: =SUMIFS($F$4:$F$803 , $D$4:$D$803, "học tập", $E$4:$E$803, "vợ") | N4: =SUMIFS($F$4:$F$803 , $D$4:$D$803, "đồ dùng GĐ", $E$4:$E$803, "vợ") | O4: =SUMIFS($F$4:$F$803 , $D$4:$D$803, "phí tiện ích", $E$4:$E$803, "vợ") | P4: =SUMIFS($F$4:$F$803 , $D$4:$D$803, "Làm đẹp", $E$4:$E$803, "vợ") | Q4: =SUMIFS($F$4:$F$803 , $D$4:$D$803, "Y tế", $E$4:$E$803, "vợ") | R4: =SUMIFS($F$4:$F$803 , $D$4:$D$803, "event", $E$4:$E$803, "vợ") | S4: =SUMIFS($F$4:$F$803 , $D$4:$D$803, "Nợ", $E$4:$E$803, "vợ")
C5: nợ thuế ck | D5: Nợ | E5: chồng | F5: 3000000 | H5: subo | I5: =SUM(J5:S5) | J5: =SUMIFS($F$4:$F$803 , $D$4:$D$803, "Ăn uống", $E$4:$E$803, "SUBO") | K5: =SUMIFS($F$4:$F$803 , $D$4:$D$803, "vui chơi", $E$4:$E$803, "SUBO") | L5: =SUMIFS($F$4:$F$803 , $D$4:$D$803, "Công việc", $E$4:$E$803, "SUBO") | M5: =SUMIFS($F$4:$F$803 , $D$4:$D$803, "học tập", $E$4:$E$803, "SUBO") | N5: =SUMIFS($F$4:$F$803 , $D$4:$D$803, "đồ dùng GĐ", $E$4:$E$803, "SUBO") | O5: =SUMIFS($F$4:$F$803 , $D$4:$D$803, "phí tiện ích", $E$4:$E$803, "SUBO") | P5: =SUMIFS($F$4:$F$803 , $D$4:$D$803, "Làm đẹp", $E$4:$E$803, "SUBO") | Q5: =SUMIFS($F$4:$F$803 , $D$4:$D$803, "Y tế", $E$4:$E$803, "SUBO") | R5: =SUMIFS($F$4:$F$803 , $D$4:$D$803, "event", $E$4:$E$803, "SUBO") | S5: =SUMIFS($F$4:$F$803 , $D$4:$D$803, "Nợ", $E$4:$E$803, "SUBO")
C6: nợ đt vk | D6: Nợ | E6: vợ | F6: 3000000 | H6: sugi | I6: =SUM(J6:S6) | J6: =SUMIFS($F$4:$F$803 , $D$4:$D$803, "Ăn uống", $E$4:$E$803, "SUGI") | K6: =SUMIFS($F$4:$F$803 , $D$4:$D$803, "vui chơi", $E$4:$E$803, "SUGI") | L6: =SUMIFS($F$4:$F$803 , $D$4:$D$803, "Công việc", $E$4:$E$803, "SUGI") | M6: =SUMIFS($F$4:$F$803 , $D$4:$D$803, "học tập", $E$4:$E$803, "SUGI") | N6: =SUMIFS($F$4:$F$803 , $D$4:$D$803, "đồ dùng GĐ", $E$4:$E$803, "SUGI") | O6: =SUMIFS($F$4:$F$803 , $D$4:$D$803, "phí tiện ích", $E$4:$E$803, "SUGI") | P6: =SUMIFS($F$4:$F$803 , $D$4:$D$803, "Làm đẹp", $E$4:$E$803, "SUGI") | Q6: =SUMIFS($F$4:$F$803 , $D$4:$D$803, "Y tế", $E$4:$E$803, "SUGI") | R6: =SUMIFS($F$4:$F$803 , $D$4:$D$803, "event", $E$4:$E$803, "SUGI") | S6: =SUMIFS($F$4:$F$803 , $D$4:$D$803, "Nợ", $E$4:$E$803, "SUGI")
C7: học phí subo | D7: học tập | E7: SUBO | F7: =9350000+1720000+300000 | I7: sum | J7: =SUM(J2:J6) | K7: =SUM(K2:K6) | L7: =SUM(L2:L6) | M7: =SUM(M2:M6) | N7: =SUM(N2:N6) | O7: =SUM(O2:O6) | P7: =SUM(P2:P6) | Q7: =SUM(Q2:Q6) | ... S7: =SUM(S2:S6)
C8: thẻ xe cc | D8: phí tiện ích | E8: Chung | F8: 1020000 | I8: % | J8: =J7/$I$1 | K8: =K7/$I$1 | L8: =L7/$I$1 | M8: =M7/$I$1 | N8: =N7/$I$1 | O8: =O7/$I$1 | P8: =P7/$I$1 | Q8: =Q7/$I$1 | ... S8: =S7/$I$1
C9: bánh mì | D9: Ăn uống | E9: Chung | F9: 115000
C10: bhx | D10: Ăn uống | E10: Chung | F10: 140000
C11: aeon | D11: Ăn uống | E11: Chung | F11: 749000 | V11: =J4/14
C12: chat gpt | D12: phí tiện ích | E12: Chung | F12: =582000+11000
C13: tiền điện | D13: phí tiện ích | E13: Chung | F13: =1889000 | V13: =J3/14
C14: tiền mạng | D14: phí tiện ích | E14: Chung | F14: 220000
C15: vé mb | D15: event | E15: vợ | F15: 1975000
C16: đồ chơi warehouse sale | D16: vui chơi | E16: SUBO | F16: =1351000+298000+2473000+279000
C17: bhx | D17: Ăn uống | E17: Chung | F17: 154000
C18: thuốc tây | D18: Y tế | E18: Chung | F18: 98000
C19: coop | D19: Ăn uống | E19: Chung | F19: 50000
C20: xăng | D20: phí tiện ích | E20: chồng | F20: 70000
C21: bún đậu | D21: Ăn uống | E21: Chung | F21: =134000+231000
C22: coop, emart, win | D22: Ăn uống | E22: Chung | F22: =27000+1357000+55000
C23: bv nhi đồng | D23: Y tế | E23: SUGI | F23: =150000+610000
C24: vinamilk | D24: Ăn uống | E24: Chung | F24: 69000
C25: cá tai tượng | D25: Ăn uống | E25: Chung | F25: 200000
C26: tip massage | D26: Làm đẹp | E26: vợ | F26: 50000
C27: bồn cầu, vòi nước | D27: đồ dùng GĐ | E27: Chung | F27: =280000+380000
C28: bu san. | D28: Ăn uống | E28: Chung | F28: 200000
C29: đt vợ | D29: phí tiện ích | E29: vợ | F29: =95000+45000+50000
C30: đồ làm bânh | D30: Ăn uống | E30: Chung | F30: 100000
C31: đam mê nấu nướng | D31: học tập | E31: vợ | F31: 160000
C32: bv nhi đồng | D32: Y tế | E32: SUGI | F32: 325000
C33: phí qlcc | D33: phí tiện ích | E33: Chung | F33: 379000
C34: ăn uống | D34: Ăn uống | E34: Chung | F34: 155000
C35: bhx | D35: Ăn uống | E35: Chung | F35: 120000
C36: emart | D36: Ăn uống | E36: Chung | F36: =807000+80000
C37: coop | D37: Ăn uống | E37: Chung | F37: 105000
C38: coop | D38: Ăn uống
C39: xăng vk | D39: phí tiện ích | E39: vợ | F39: 90000
C40: coop | D40: Ăn uống | E40: Chung | F40: 442000
C41: tiền rút | D41: Ăn uống | E41: Chung | F41: 4000000
C42: bỉm, rơ lưỡi | D42: đồ dùng GĐ | E42: SUGI | F42: =807000+46000+276000
C43: băng keo, móc qao | D43: đồ dùng GĐ | E43: Chung | F43: 142000
C44: vinamilk | D44: Ăn uống | E44: Chung | F44: 418000
C45: dầu gội | D45: đồ dùng GĐ | E45: Chung | F45: 292000
C46: nước giặt, xả | D46: đồ dùng GĐ | E46: Chung | F46: =510000+424000
C47: bảng lego | D47: vui chơi | E47: SUBO | F47: 379000
C48: ăn shopee ( chè, gà rán, bún đậu, | D48: Ăn uống | E48: Chung | F48: =223000+273000+223000+134000+231000 | T48: =J2+J3+J4
C49: win mart, fam, cirr | D49: Ăn uống | E49: Chung | F49: =80000+86000+55000+27000+105000+21000+26000
C50: cafe | D50: Ăn uống | E50: chồng | F50: =45000+114000 | T50: =T48/20
C51: youtube | D51: phí tiện ích | E51: chồng | F51: 88000
C52: xăng | D52: phí tiện ích | E52: chồng | F52: =89000+70000
C53: be | D53: phí tiện ích | E53: Chung | F53: 148000
C54: bánh tt | D54: Công việc | E54: Chung | F54: 712000
C55: phí thẻ xe | D55: phí tiện ích | E55: vợ | F55: 100000
C56: ăn uống sn mina | D56: Ăn uống | E56: Chung | F56: =116000+220000+90000+75000+575000+852000+33000
C57: vaccine sugi | D57: Y tế | E57: SUGI | F57: 356000
C58: sao y, công chứng | D58: Công việc | E58: Chung | F58: =48000+231000
C59: khoai & đồ làm bánh | D59: Ăn uống | E59: Chung | F59: =379000+71000
C60: rút | D60: Ăn uống | E60: Chung | F60: 3000000
C61: vid D sugi | D61: Y tế | E61: SUGI | F61: 388000
C62: áo sugi | D62: Làm đẹp | E62: SUGI | F62: 410000
C63: quà dì na | D63: event | E63: vợ | F63: 706000
C64: coop | D64: Ăn uống | E64: Chung | F64: =291000+574000
C65: thịt bò | D65: Ăn uống | E65: Chung | F65: 150000
C66: ha chi | D66: Ăn uống | E66: Chung | F66: 208000
C67: hachi | D67: đồ dùng GĐ | E67: Chung | F67: 573000
C68: cafe | D68: Ăn uống | E68: chồng | F68: 318000
C69: học đàn | D69: học tập | E69: SUBO | F69: 3780000
C70: in tài liệu gov | D70: Công việc | E70: Chung | F70: 126000
C71: flan | D71: Ăn uống | E71: Chung | F71: 106000
C72: paula choice | D72: Làm đẹp | E72: vợ | F72: 695000
C73: bò aeon | D73: Ăn uống | E73: Chung | F73: 788000
C74: khu vui chơi | D74: vui chơi | E74: Chung | F74: 160000
C75: ăn ếch | D75: Ăn uống | E75: Chung | F75: 1261000
C76: lớp trà sữa | D76: Ăn uống | E76: Chung | F76: 180000
C77: be đi lại | D77: phí tiện ích | E77: Chung | F77: =56000+75000+177000

Sheet T9 - DETAIL
H1: Tổng | I1: =SUM(F4:F1015) | J1: ăn uống | K1: vui chơi | L1: công việc | M1: học tập | N1: đồ dùng GĐ | O1: Phí tiện ích | P1: làm đẹp | Q1: y tế | R1: event | S1: nợ
B2: Ngày | C2: nội dung | D2: Hạng mục | E2: Phân loại | F2: Số Tiền | H2: Chung | I2: =SUM(J2:S2) | J2: =SUMIFS($F$4:$F$834 , $D$4:$D$834, "Ăn uống", $E$4:$E$834, "chung") | K2: =SUMIFS($F$4:$F$834 , $D$4:$D$834, "vui chơi", $E$4:$E$834, "chung") | L2: =SUMIFS($F$4:$F$834 , $D$4:$D$834, "Công việc", $E$4:$E$834, "chung") | M2: =SUMIFS($F$4:$F$834 , $D$4:$D$834, "học tập", $E$4:$E$834, "chung") | N2: =SUMIFS($F$4:$F$834 , $D$4:$D$834, "đồ dùng GĐ", $E$4:$E$834, "chung") | O2: =SUMIFS($F$4:$F$834 , $D$4:$D$834, "phí tiện ích", $E$4:$E$834, "chung") | P2: =SUMIFS($F$4:$F$834 , $D$4:$D$834, "Làm đẹp", $E$4:$E$834, "chung") | Q2: =SUMIFS($F$4:$F$834 , $D$4:$D$834, "Y tế", $E$4:$E$834, "chung") | R2: =SUMIFS($F$4:$F$834 , $D$4:$D$834, "event", $E$4:$E$834, "chung") | S2: =SUMIFS($F$4:$F$834 , $D$4:$D$834, "Nợ", $E$4:$E$834, "chung")
F3: =SUM(F4:F834) | H3: Chồng | I3: =SUM(J3:S3) | J3: =SUMIFS($F$4:$F$834 , $D$4:$D$834, "Ăn uống", $E$4:$E$834, "chồng") | K3: =SUMIFS($F$4:$F$834 , $D$4:$D$834, "vui chơi", $E$4:$E$834, "chồng") | L3: =SUMIFS($F$4:$F$834 , $D$4:$D$834, "Công việc", $E$4:$E$834, "chồng") | M3: =SUMIFS($F$4:$F$834 , $D$4:$D$834, "học tập", $E$4:$E$834, "chồng") | N3: =SUMIFS($F$4:$F$834 , $D$4:$D$834, "đồ dùng GĐ", $E$4:$E$834, "chồng") | O3: =SUMIFS($F$4:$F$834 , $D$4:$D$834, "phí tiện ích", $E$4:$E$834, "chồng") | P3: =SUMIFS($F$4:$F$834 , $D$4:$D$834, "Làm đẹp", $E$4:$E$834, "chồng") | Q3: =SUMIFS($F$4:$F$834 , $D$4:$D$834, "Y tế", $E$4:$E$834, "chồng") | R3: =SUMIFS($F$4:$F$834 , $D$4:$D$834, "event", $E$4:$E$834, "chồng") | S3: =SUMIFS($F$4:$F$834 , $D$4:$D$834, "Nợ", $E$4:$E$834, "chồng")
C4: nợ ck shinhan | D4: Nợ | E4: chồng | F4: 4500000 | H4: vợ | I4: =SUM(J4:S4) | J4: =SUMIFS($F$4:$F$834 , $D$4:$D$834, "Ăn uống", $E$4:$E$834, "vợ") | K4: =SUMIFS($F$4:$F$834 , $D$4:$D$834, "vui chơi", $E$4:$E$834, "vợ") | L4: =SUMIFS($F$4:$F$834 , $D$4:$D$834, "Công việc", $E$4:$E$834, "vợ") | M4: =SUMIFS($F$4:$F$834 , $D$4:$D$834, "học tập", $E$4:$E$834, "vợ") | N4: =SUMIFS($F$4:$F$834 , $D$4:$D$834, "đồ dùng GĐ", $E$4:$E$834, "vợ") | O4: =SUMIFS($F$4:$F$834 , $D$4:$D$834, "phí tiện ích", $E$4:$E$834, "vợ") | P4: =SUMIFS($F$4:$F$834 , $D$4:$D$834, "Làm đẹp", $E$4:$E$834, "vợ") | Q4: =SUMIFS($F$4:$F$834 , $D$4:$D$834, "Y tế", $E$4:$E$834, "vợ") | R4: =SUMIFS($F$4:$F$834 , $D$4:$D$834, "event", $E$4:$E$834, "vợ") | S4: =SUMIFS($F$4:$F$834 , $D$4:$D$834, "Nợ", $E$4:$E$834, "vợ")
C5: nợ thuế ck | D5: Nợ | E5: chồng | F5: 3000000 | H5: subo | I5: =SUM(J5:S5) | J5: =SUMIFS($F$4:$F$834 , $D$4:$D$834, "Ăn uống", $E$4:$E$834, "SUBO") | K5: =SUMIFS($F$4:$F$834 , $D$4:$D$834, "vui chơi", $E$4:$E$834, "SUBO") | L5: =SUMIFS($F$4:$F$834 , $D$4:$D$834, "Công việc", $E$4:$E$834, "SUBO") | M5: =SUMIFS($F$4:$F$834 , $D$4:$D$834, "học tập", $E$4:$E$834, "SUBO") | N5: =SUMIFS($F$4:$F$834 , $D$4:$D$834, "đồ dùng GĐ", $E$4:$E$834, "SUBO") | O5: =SUMIFS($F$4:$F$834 , $D$4:$D$834, "phí tiện ích", $E$4:$E$834, "SUBO") | P5: =SUMIFS($F$4:$F$834 , $D$4:$D$834, "Làm đẹp", $E$4:$E$834, "SUBO") | Q5: =SUMIFS($F$4:$F$834 , $D$4:$D$834, "Y tế", $E$4:$E$834, "SUBO") | R5: =SUMIFS($F$4:$F$834 , $D$4:$D$834, "event", $E$4:$E$834, "SUBO") | S5: =SUMIFS($F$4:$F$834 , $D$4:$D$834, "Nợ", $E$4:$E$834, "SUBO")
C6: nợ đt vk | D6: Nợ | E6: vợ | F6: 3000000 | H6: sugi | I6: =SUM(J6:S6) | J6: =SUMIFS($F$4:$F$834 , $D$4:$D$834, "Ăn uống", $E$4:$E$834, "SUGI") | K6: =SUMIFS($F$4:$F$834 , $D$4:$D$834, "vui chơi", $E$4:$E$834, "SUGI") | L6: =SUMIFS($F$4:$F$834 , $D$4:$D$834, "Công việc", $E$4:$E$834, "SUGI") | M6: =SUMIFS($F$4:$F$834 , $D$4:$D$834, "học tập", $E$4:$E$834, "SUGI") | N6: =SUMIFS($F$4:$F$834 , $D$4:$D$834, "đồ dùng GĐ", $E$4:$E$834, "SUGI") | O6: =SUMIFS($F$4:$F$834 , $D$4:$D$834, "phí tiện ích", $E$4:$E$834, "SUGI") | P6: =SUMIFS($F$4:$F$834 , $D$4:$D$834, "Làm đẹp", $E$4:$E$834, "SUGI") | Q6: =SUMIFS($F$4:$F$834 , $D$4:$D$834, "Y tế", $E$4:$E$834, "SUGI") | R6: =SUMIFS($F$4:$F$834 , $D$4:$D$834, "event", $E$4:$E$834, "SUGI") | S6: =SUMIFS($F$4:$F$834 , $D$4:$D$834, "Nợ", $E$4:$E$834, "SUGI")
C7: học phí subo | D7: học tập | E7: SUBO | F7: =38420000/4+3000000+2420000+300000 | I7: sum | J7: =SUM(J2:J6) | K7: =SUM(K2:K6) | L7: =SUM(L2:L6) | M7: =SUM(M2:M6) | N7: =SUM(N2:N6) | O7: =SUM(O2:O6) | P7: =SUM(P2:P6) | Q7: =SUM(Q2:Q6) | ... S7: =SUM(S2:S6)
C8: chơi khu vui chơi | D8: vui chơi | E8: SUBO | F8: 160000 | I8: % | J8: =J7/$I$1 | K8: =K7/$I$1 | L8: =L7/$I$1 | M8: =M7/$I$1 | N8: =N7/$I$1 | O8: =O7/$I$1 | P8: =P7/$I$1 | Q8: =Q7/$I$1 | ... S8: =S7/$I$1
C9: vs máy lạnh | D9: phí tiện ích | E9: Chung | F9: 210000
C10: ministop | D10: Ăn uống | E10: Chung | F10: 57000
C11: phở gà, tàu hũ | D11: Ăn uống | E11: Chung | F11: 125000 | V11: =J4/14
C12: sửa xe | D12: phí tiện ích | E12: chồng | F12: =2200000+10400000
C13: be | D13: phí tiện ích | E13: Chung | F13: 200000 | V13: =J3/14
C14: emart | D14: Ăn uống | E14: Chung | F14: =1727000
C15: phong cua | D15: Ăn uống | E15: Chung | F15: 628000
C16: xăng | D16: phí tiện ích | E16: vợ | F16: =86000*2
C17: gà texas | D17: Ăn uống | E17: Chung | F17: 248000
C18: trà sữa,nem nướng | D18: Ăn uống | E18: Chung | F18: =162000+679000
C19: bánh rán | D19: Ăn uống | E19: Chung | F19: 75000
C20: phở lệ | D20: Ăn uống | E20: Chung | F20: 233000
C21: sầu riêng | D21: Ăn uống | E21: Chung | F21: 300000
C22: ghẹ, hàu | D22: Ăn uống | E22: Chung | F22: 1140000
C23: măng cụt. | D23: Ăn uống | E23: Chung | F23: 160000
C24: giấy dán tường | D24: đồ dùng GĐ | E24: Chung | F24: 120000
C25: dưa hấu, thơm | D25: Ăn uống | E25: Chung | F25: 68000
C26: quần áo | D26: Làm đẹp | E26: SUGI | F26: =310000+265000
C27: phí qlcc | D27: phí tiện ích | E27: Chung | F27: 296000
C28: quần chip | D28: đồ dùng GĐ | E28: vợ | F28: 735000
C29: sushi emart | D29: Ăn uống | E29: Chung | F29: 50000
C30: cơm tấm shopee | D30: Ăn uống | E30: Chung | F30: 738000
C31: bánh mì chim chạy | D31: Ăn uống | E31: Chung | F31: 200000
C32: đàn | D32: học tập | E32: SUBO | F32: 7500000
C33: winmart | D33: Ăn uống | E33: Chung | F33: 42000
C34: kingfood | D34: Ăn uống | E34: Chung | F34: 177000
C35: hachi | D35: đồ dùng GĐ | E35: Chung | F35: 456000
C36: emart | D36: Ăn uống | E36: Chung | F36: =1958000+1070000+17000
C37: điên | D37: phí tiện ích | E37: Chung | F37: 2076000
C38: internet | D38: phí tiện ích | E38: Chung | F38: 220000
C39: chat gpt | D39: Công việc | E39: Chung | F39: =32220000-31635000
C40: chaả cá | D40: Ăn uống | E40: Chung | F40: 160000
C41: điện thoại | D41: phí tiện ích | E41: vợ | F41: 120000
C42: phở võ quốc | D42: Ăn uống | E42: Chung | F42: 360000
C43: emart | D43: Ăn uống | E43: Chung | F43: =147000+1925000+45000+149000
C44: cafe cho ông park | D44: Công việc | E44: vợ | F44: 55000
C45: coop | D45: Ăn uống | E45: Chung | F45: =94000+361000+87000+87000+180000
C46: circle k | D46: Ăn uống | E46: Chung | F46: =82000+23000
C47: hoa cúng | D47: đồ dùng GĐ | E47: Chung | F47: 40000
C48: sửa xe | D48: phí tiện ích | E48: vợ | F48: 2675000 | T48: =J2+J3+J4
C49: nước sân bay | D49: Ăn uống | E49: Chung | F49: 60000
C50: xăng | D50: phí tiện ích | E50: chồng | F50: 89000 | T50: =T48/20
C51: xăng | D51: phí tiện ích | E51: vợ | F51: 90000
C52: vid d | D52: Y tế | E52: SUBO | F52: 300000
C53: miếng hít bàn ăn | D53: đồ dùng GĐ | E53: SUGI | F53: 94000
C54: dưỡng môi | D54: Làm đẹp | E54: vợ | F54: 95000
C55: áo trung thu | D55: Làm đẹp | E55: SUBO | F55: 148000
C56: cưới đức | D56: event | E56: Chung | F56: 2000000
C57: điếu o | D57: event | E57: Chung | F57: 1000000
C58: kem | D58: vui chơi | E58: Chung | F58: 150000
C59: bàn là | D59: đồ dùng GĐ | E59: Chung | F59: =390000+29000
C60: măng cụt | D60: Ăn uống | E60: Chung | F60: =48000+120000
C61: xem show cốc tùng | D61: vui chơi | E61: Chung | F61: 506000
C62: quà tặng ly | D62: event | E62: vợ | F62: =226000+100000
C63: tốt nghiệp minh | D63: event | E63: Chung | F63: 1000000
C64: cafe, ếch | D64: Ăn uống | E64: Chung | F64: =1200000+1500000
C65: lẩu bò | D65: Ăn uống | E65: Chung | F65: =350000+400000+20000
C66: vé mb về tết | D66: event | E66: Chung | F66: 6110000
C67: be đi lại | D67: phí tiện ích | E67: Chung | F67: =120000+31000+52000+36000+61000+20000+8000+46000+42000+46000
C68: bắp, thanh long, bánh tráng bánh chưng | D68: Ăn uống | E68: Chung | F68: 240000
C69: học khô bò | D69: học tập | E69: vợ | F69: 60000
C70: bún mọc | D70: Ăn uống | E70: Chung | F70: 40000
C71: pin | D71: đồ dùng GĐ | E71: Chung | F71: =70000+26000
C72: cafe+bánh mì chảo | D72: Ăn uống | E72: Chung | F72: =105000+60000
C73: hoa cúng | D73: Ăn uống | E73: Chung | F73: 45000
C74: crocs | D74: đồ dùng GĐ | E74: vợ | F74: 2958000
C75: game | D75: vui chơi | E75: Chung | F75: 400000
C76: thiso | D76: Ăn uống | E76: Chung | F76: =163000+3846000
C77: xăng vk | D77: phí tiện ích | E77: vợ | F77: 100000
C78: yogurt | D78: vui chơi | E78: Chung | F78: 198000
C79: xăng ck | D79: phí tiện ích | E79: chồng | F79: 104000
C80: chảo, xửng hấp, nắp vung | D80: đồ dùng GĐ | E80: Chung | F80: 306000
C81: áo vk | D81: Làm đẹp | E81: vợ | F81: 292000
C82: tiêm sugi | D82: Y tế | E82: SUGI | F82: 1606000
C83: th milk + gạo | D83: Ăn uống | E83: Chung | F83: 133000
C84: bỉm | D84: đồ dùng GĐ | E84: SUGI | F84: 381000
C85: coop | D85: Ăn uống | E85: Chung | F85: =23000+31000+68000+24000
C86: lãi | D86: Nợ | E86: Chung | F86: 34000
C87: bọc đồ | D87: Công việc | E87: vợ | F87: 20000

Sheet T10 - DETAIL
H1: Tổng | I1: =SUM(F4:F1016) | J1: ăn uống | K1: vui chơi | L1: công việc | M1: học tập | N1: đồ dùng GĐ | O1: Phí tiện ích | P1: làm đẹp | Q1: y tế | R1: event | S1: nợ
B2: Ngày | C2: nội dung | D2: Hạng mục | E2: Phân loại | F2: Số Tiền | H2: Chung | I2: =SUM(J2:S2) | J2: =SUMIFS($F$4:$F$835 , $D$4:$D$835, "Ăn uống", $E$4:$E$835, "chung") | K2: =SUMIFS($F$4:$F$835 , $D$4:$D$835, "vui chơi", $E$4:$E$835, "chung") | L2: =SUMIFS($F$4:$F$835 , $D$4:$D$835, "Công việc", $E$4:$E$835, "chung") | M2: =SUMIFS($F$4:$F$835 , $D$4:$D$835, "học tập", $E$4:$E$835, "chung") | N2: =SUMIFS($F$4:$F$835 , $D$4:$D$835, "đồ dùng GĐ", $E$4:$E$835, "chung") | O2: =SUMIFS($F$4:$F$835 , $D$4:$D$835, "phí tiện ích", $E$4:$E$835, "chung") | P2: =SUMIFS($F$4:$F$835 , $D$4:$D$835, "Làm đẹp", $E$4:$E$835, "chung") | Q2: =SUMIFS($F$4:$F$835 , $D$4:$D$835, "Y tế", $E$4:$E$835, "chung") | R2: =SUMIFS($F$4:$F$835 , $D$4:$D$835, "event", $E$4:$E$835, "chung") | S2: =SUMIFS($F$4:$F$835 , $D$4:$D$835, "Nợ", $E$4:$E$835, "chung")
F3: =SUM(F4:F835) | H3: Chồng | I3: =SUM(J3:S3) | J3: =SUMIFS($F$4:$F$835 , $D$4:$D$835, "Ăn uống", $E$4:$E$835, "chồng") | K3: =SUMIFS($F$4:$F$835 , $D$4:$D$835, "vui chơi", $E$4:$E$835, "chồng") | L3: =SUMIFS($F$4:$F$835 , $D$4:$D$835, "Công việc", $E$4:$E$835, "chồng") | M3: =SUMIFS($F$4:$F$835 , $D$4:$D$835, "học tập", $E$4:$E$835, "chồng") | N3: =SUMIFS($F$4:$F$835 , $D$4:$D$835, "đồ dùng GĐ", $E$4:$E$835, "chồng") | O3: =SUMIFS($F$4:$F$835 , $D$4:$D$835, "phí tiện ích", $E$4:$E$835, "chồng") | P3: =SUMIFS($F$4:$F$835 , $D$4:$D$835, "Làm đẹp", $E$4:$E$835, "chồng") | Q3: =SUMIFS($F$4:$F$835 , $D$4:$D$835, "Y tế", $E$4:$E$835, "chồng") | R3: =SUMIFS($F$4:$F$835 , $D$4:$D$835, "event", $E$4:$E$835, "chồng") | S3: =SUMIFS($F$4:$F$835 , $D$4:$D$835, "Nợ", $E$4:$E$835, "chồng")
C4: hphi subo | D4: học tập | E4: SUBO | F4: =38420000/4 | H4: vợ | I4: =SUM(J4:S4) | J4: =SUMIFS($F$4:$F$835 , $D$4:$D$835, "Ăn uống", $E$4:$E$835, "vợ") | K4: =SUMIFS($F$4:$F$835 , $D$4:$D$835, "vui chơi", $E$4:$E$835, "vợ") | L4: =SUMIFS($F$4:$F$835 , $D$4:$D$835, "Công việc", $E$4:$E$835, "vợ") | M4: =SUMIFS($F$4:$F$835 , $D$4:$D$835, "học tập", $E$4:$E$835, "vợ") | N4: =SUMIFS($F$4:$F$835 , $D$4:$D$835, "đồ dùng GĐ", $E$4:$E$835, "vợ") | O4: =SUMIFS($F$4:$F$835 , $D$4:$D$835, "phí tiện ích", $E$4:$E$835, "vợ") | P4: =SUMIFS($F$4:$F$835 , $D$4:$D$835, "Làm đẹp", $E$4:$E$835, "vợ") | Q4: =SUMIFS($F$4:$F$835 , $D$4:$D$835, "Y tế", $E$4:$E$835, "vợ") | R4: =SUMIFS($F$4:$F$835 , $D$4:$D$835, "event", $E$4:$E$835, "vợ") | S4: =SUMIFS($F$4:$F$835 , $D$4:$D$835, "Nợ", $E$4:$E$835, "vợ")
C5: thuế ck | D5: Nợ | E5: chồng | F5: 3000000 | H5: subo | I5: =SUM(J5:S5) | J5: =SUMIFS($F$4:$F$835 , $D$4:$D$835, "Ăn uống", $E$4:$E$835, "SUBO") | K5: =SUMIFS($F$4:$F$835 , $D$4:$D$835, "vui chơi", $E$4:$E$835, "SUBO") | L5: =SUMIFS($F$4:$F$835 , $D$4:$D$835, "Công việc", $E$4:$E$835, "SUBO") | M5: =SUMIFS($F$4:$F$835 , $D$4:$D$835, "học tập", $E$4:$E$835, "SUBO") | N5: =SUMIFS($F$4:$F$835 , $D$4:$D$835, "đồ dùng GĐ", $E$4:$E$835, "SUBO") | O5: =SUMIFS($F$4:$F$835 , $D$4:$D$835, "phí tiện ích", $E$4:$E$835, "SUBO") | P5: =SUMIFS($F$4:$F$835 , $D$4:$D$835, "Làm đẹp", $E$4:$E$835, "SUBO") | Q5: =SUMIFS($F$4:$F$835 , $D$4:$D$835, "Y tế", $E$4:$E$835, "SUBO") | R5: =SUMIFS($F$4:$F$835 , $D$4:$D$835, "event", $E$4:$E$835, "SUBO") | S5: =SUMIFS($F$4:$F$835 , $D$4:$D$835, "Nợ", $E$4:$E$835, "SUBO")
C6: shin han | D6: Nợ | E6: chồng | F6: 4500000
C7: đt vk | D7: Nợ | E7: vợ | F7: 2490000 | H7: sugi | I7: =SUM(J7:S7) | J7: =SUMIFS($F$4:$F$835 , $D$4:$D$835, "Ăn uống", $E$4:$E$835, "SUGI") | K7: =SUMIFS($F$4:$F$835 , $D$4:$D$835, "vui chơi", $E$4:$E$835, "SUGI") | L7: =SUMIFS($F$4:$F$835 , $D$4:$D$835, "Công việc", $E$4:$E$835, "SUGI") | M7: =SUMIFS($F$4:$F$835 , $D$4:$D$835, "học tập", $E$4:$E$835, "SUGI") | N7: =SUMIFS($F$4:$F$835 , $D$4:$D$835, "đồ dùng GĐ", $E$4:$E$835, "SUGI") | O7: =SUMIFS($F$4:$F$835 , $D$4:$D$835, "phí tiện ích", $E$4:$E$835, "SUGI") | P7: =SUMIFS($F$4:$F$835 , $D$4:$D$835, "Làm đẹp", $E$4:$E$835, "SUGI") | Q7: =SUMIFS($F$4:$F$835 , $D$4:$D$835, "Y tế", $E$4:$E$835, "SUGI") | R7: =SUMIFS($F$4:$F$835 , $D$4:$D$835, "event", $E$4:$E$835, "SUGI") | S7: =SUMIFS($F$4:$F$835 , $D$4:$D$835, "Nợ", $E$4:$E$835, "SUGI")
C8: cá | D8: Ăn uống | E8: Chung | F8: 120000 | I8: sum | J8: =SUM(J2:J7) | K8: =SUM(K2:K7) | L8: =SUM(L2:L7) | M8: =SUM(M2:M7) | N8: =SUM(N2:N7) | O8: =SUM(O2:O7) | P8: =SUM(P2:P7) | Q8: =SUM(Q2:Q7) | ... S8: =SUM(S2:S7)
C9: qao vk | D9: Làm đẹp | E9: vợ | F9: 710000 | I9: % | J9: =IFERROR(J8/$I$1, 0) | K9: =IFERROR(K8/$I$1, 0) | L9: =IFERROR(L8/$I$1, 0) | M9: =IFERROR(M8/$I$1, 0) | N9: =IFERROR(N8/$I$1, 0) | O9: =IFERROR(O8/$I$1, 0) | P9: =IFERROR(P8/$I$1, 0) | Q9: =IFERROR(Q8/$I$1, 0) | ... S9: =IFERROR(S8/$I$1, 0)
C10: chanh muối | D10: Ăn uống | E10: Chung | F10: 85000
C11: trứng, trứng muối | D11: Ăn uống | E11: Chung | F11: 137000
C12: coop văn thánh | D12: Ăn uống | E12: Chung | F12: =42000+101000 | G12: uob | V12: =J4/14
C13: phở võ quốc | D13: Ăn uống | E13: Chung | F13: 350000 | G13: uob
C14: coop rạch miễu | D14: Ăn uống | E14: Chung | F14: 1440000 | G14: uob | V14: =J3/14
C15: coop phan văn hân | D15: Ăn uống | E15: Chung | F15: 90000 | G15: uob
C16: thuốc tây | D16: Y tế | E16: Chung | F16: =165000+149000 | G16: uob
C17: khay sấy | D17: đồ dùng GĐ | E17: Chung | F17: 164000 | G17: vp sp
C18: củ đậu, bánh mì | D18: Ăn uống | E18: Chung | F18: =9000+12000
C19: đền cty | D19: Công việc | E19: chồng
C20: be đi e mart | D20: phí tiện ích | E20: Chung | F20: 103000 | G20: vp
C21: emart | D21: Ăn uống | E21: Chung | F21: =202000+2091000 | G21: uob
C22: nạp game | D22: vui chơi | E22: Chung | F22: 400000 | G22: uob
C23: nước giặt | D23: đồ dùng GĐ | E23: Chung | F23: 127000 | G23: vp sp
C24: khay nướng | D24: đồ dùng GĐ | E24: Chung | F24: 162000 | G24: vp sp
C25: bao rác | D25: đồ dùng GĐ | E25: Chung | F25: 55000 | G25: vpsp
C26: kem đr | D26: đồ dùng GĐ | E26: Chung | F26: 86000 | G26: vp sp
C27: bột xá xíu | D27: Ăn uống | E27: Chung | F27: 37000 | G27: vp sp
C28: coop | D28: Ăn uống | E28: Chung | F28: 40000 | G28: vp sp
C29: finish | D29: đồ dùng GĐ | E29: Chung | F29: 671000 | G29: vp sp
C30: kem bôi hăm | D30: đồ dùng GĐ | E30: SUGI | F30: 132000 | G30: vp sp
C31: nc hồ cá | D31: đồ dùng GĐ | E31: Chung | F31: 126000 | G31: vp sp
C32: đồ lót | D32: Làm đẹp | E32: Chung | F32: 606000 | G32: vp sp
C33: ăn chè | D33: vui chơi | E33: Chung | F33: 113000 | G33: vp sp
... C37: tô tượng | D37: vui chơi | E37: SUBO | F37: 60000 | G37: uob
C38: share áo mr park | D38: event | E38: vợ | F38: 100000
C39: phí qlcc | D39: phí tiện ích | E39: Chung | F39: 388000
C40: cá, đồ ăn | D40: Ăn uống | E40: Chung | F40: 560000
C41: đồ abby | D41: Ăn uống | E41: Chung | F41: 213000
C42: đi chợ sáng | D42: Ăn uống | E42: Chung | F42: =25000+10000+18000+20000+24000+80000
C43: bỉm con cung | D43: đồ dùng GĐ | E43: SUGI | F43: 378000 | G43: vp
C44: tiền điện | D44: phí tiện ích | E44: Chung | F44: 1687000 | G44: vp
C45: tiền mạng | D45: phí tiện ích | E45: Chung | F45: 220000 | G45: vp
C46: chat gpt | D46: Công việc | E46: Chung | F46: 500000 | G46: vp
C47: be | D47: phí tiện ích | E47: Chung | F47: =42000+678000 | G47: vp
C48: winmart | D48: Ăn uống | E48: Chung | F48: =48000+27000+87000 | G48: vp
C49: grab | D49: phí tiện ích | E49: Chung | F49: 113000 | G49: vp | T49: =J2+J3+J4
C50: thăm bố ốm, đi lại, khách sạn | D50: event | E50: Chung | F50: =5000000+750000+500000+506000
C51: xăng ck | D51: phí tiện ích | E51: chồng | F51: 103000 | G51: vp | T51: =T49/20
C52: rau, chè | D52: Ăn uống | E52: Chung | F52: =84000+35000
C53: p

Sheet T11 - DETAIL
H1: Tổng | I1: =SUM(F4:F1015) | J1: ăn uống | K1: vui chơi | L1: công việc | M1: học tập | N1: đồ dùng GĐ | O1: Phí tiện ích | P1: làm đẹp | Q1: y tế | R1: event | S1: nợ
B2: Ngày | C2: nội dung | D2: Hạng mục | E2: Phân loại | F2: Số Tiền | H2: Chung | I2: =SUM(J2:S2) | J2: =SUMIFS($F$4:$F$834 , $D$4:$D$834, "Ăn uống", $E$4:$E$834, "chung") | K2: =SUMIFS($F$4:$F$834 , $D$4:$D$834, "vui chơi", $E$4:$E$834, "chung") | L2: =SUMIFS($F$4:$F$834 , $D$4:$D$834, "Công việc", $E$4:$E$834, "chung") | M2: =SUMIFS($F$4:$F$834 , $D$4:$D$834, "học tập", $E$4:$E$834, "chung") | N2: =SUMIFS($F$4:$F$834 , $D$4:$D$834, "đồ dùng GĐ", $E$4:$E$834, "chung") | O2: =SUMIFS($F$4:$F$834 , $D$4:$D$834, "phí tiện ích", $E$4:$E$834, "chung") | P2: =SUMIFS($F$4:$F$834 , $D$4:$D$834, "Làm đẹp", $E$4:$E$834, "chung") | Q2: =SUMIFS($F$4:$F$834 , $D$4:$D$834, "Y tế", $E$4:$E$834, "chung") | R2: =SUMIFS($F$4:$F$834 , $D$4:$D$834, "event", $E$4:$E$834, "chung") | S2: =SUMIFS($F$4:$F$834 , $D$4:$D$834, "Nợ", $E$4:$E$834, "chung")
F3: =SUM(F4:F834) | H3: Chồng | I3: =SUM(J3:S3) | J3: =SUMIFS($F$4:$F$834 , $D$4:$D$834, "Ăn uống", $E$4:$E$834, "chồng") | K3: =SUMIFS($F$4:$F$834 , $D$4:$D$834, "vui chơi", $E$4:$E$834, "chồng") | L3: =SUMIFS($F$4:$F$834 , $D$4:$D$834, "Công việc", $E$4:$E$834, "chồng") | M3: =SUMIFS($F$4:$F$834 , $D$4:$D$834, "học tập", $E$4:$E$834, "chồng") | N3: =SUMIFS($F$4:$F$834 , $D$4:$D$834, "đồ dùng GĐ", $E$4:$E$834, "chồng") | O3: =SUMIFS($F$4:$F$834 , $D$4:$D$834, "phí tiện ích", $E$4:$E$834, "chồng") | P3: =SUMIFS($F$4:$F$834 , $D$4:$D$834, "Làm đẹp", $E$4:$E$834, "chồng") | Q3: =SUMIFS($F$4:$F$834 , $D$4:$D$834, "Y tế", $E$4:$E$834, "chồng") | R3: =SUMIFS($F$4:$F$834 , $D$4:$D$834, "event", $E$4:$E$834, "chồng") | S3: =SUMIFS($F$4:$F$834 , $D$4:$D$834, "Nợ", $E$4:$E$834, "chồng")
H4: vợ | I4: =SUM(J4:S4) | J4: =SUMIFS($F$4:$F$834 , $D$4:$D$834, "Ăn uống", $E$4:$E$834, "vợ") | K4: =SUMIFS($F$4:$F$834 , $D$4:$D$834, "vui chơi", $E$4:$E$834, "vợ") | L4: =SUMIFS($F$4:$F$834 , $D$4:$D$834, "Công việc", $E$4:$E$834, "vợ") | M4: =SUMIFS($F$4:$F$834 , $D$4:$D$834, "học tập", $E$4:$E$834, "vợ") | N4: =SUMIFS($F$4:$F$834 , $D$4:$D$834, "đồ dùng GĐ", $E$4:$E$834, "vợ") | O4: =SUMIFS($F$4:$F$834 , $D$4:$D$834, "phí tiện ích", $E$4:$E$834, "vợ") | P4: =SUMIFS($F$4:$F$834 , $D$4:$D$834, "Làm đẹp", $E$4:$E$834, "vợ") | Q4: =SUMIFS($F$4:$F$834 , $D$4:$D$834, "Y tế", $E$4:$E$834, "vợ") | R4: =SUMIFS($F$4:$F$834 , $D$4:$D$834, "event", $E$4:$E$834, "vợ") | S4: =SUMIFS($F$4:$F$834 , $D$4:$D$834, "Nợ", $E$4:$E$834, "vợ")
H5: subo | I5: =SUM(J5:S5) | J5: =SUMIFS($F$4:$F$834 , $D$4:$D$834, "Ăn uống", $E$4:$E$834, "SUBO") | K5: =SUMIFS($F$4:$F$834 , $D$4:$D$834, "vui chơi", $E$4:$E$834, "SUBO") | L5: =SUMIFS($F$4:$F$834 , $D$4:$D$834, "Công việc", $E$4:$E$834, "SUBO") | M5: =SUMIFS($F$4:$F$834 , $D$4:$D$834, "học tập", $E$4:$E$834, "SUBO") | N5: =SUMIFS($F$4:$F$834 , $D$4:$D$834, "đồ dùng GĐ", $E$4:$E$834, "SUBO") | O5: =SUMIFS($F$4:$F$834 , $D$4:$D$834, "phí tiện ích", $E$4:$E$834, "SUBO") | P5: =SUMIFS($F$4:$F$834 , $D$4:$D$834, "Làm đẹp", $E$4:$E$834, "SUBO") | Q5: =SUMIFS($F$4:$F$834 , $D$4:$D$834, "Y tế", $E$4:$E$834, "SUBO") | R5: =SUMIFS($F$4:$F$834 , $D$4:$D$834, "event", $E$4:$E$834, "SUBO") | S5: =SUMIFS($F$4:$F$834 , $D$4:$D$834, "Nợ", $E$4:$E$834, "SUBO")
H6: sugi | I6: =SUM(J6:S6) | J6: =SUMIFS($F$4:$F$834 , $D$4:$D$834, "Ăn uống", $E$4:$E$834, "SUGI") | K6: =SUMIFS($F$4:$F$834 , $D$4:$D$834, "vui chơi", $E$4:$E$834, "SUGI") | L6: =SUMIFS($F$4:$F$834 , $D$4:$D$834, "Công việc", $E$4:$E$834, "SUGI") | M6: =SUMIFS($F$4:$F$834 , $D$4:$D$834, "học tập", $E$4:$E$834, "SUGI") | N6: =SUMIFS($F$4:$F$834 , $D$4:$D$834, "đồ dùng GĐ", $E$4:$E$834, "SUGI") | O6: =SUMIFS($F$4:$F$834 , $D$4:$D$834, "phí tiện ích", $E$4:$E$834, "SUGI") | P6: =SUMIFS($F$4:$F$834 , $D$4:$D$834, "Làm đẹp", $E$4:$E$834, "SUGI") | Q6: =SUMIFS($F$4:$F$834 , $D$4:$D$834, "Y tế", $E$4:$E$834, "SUGI") | R6: =SUMIFS($F$4:$F$834 , $D$4:$D$834, "event", $E$4:$E$834, "SUGI") | S6: =SUMIFS($F$4:$F$834 , $D$4:$D$834, "Nợ", $E$4:$E$834, "SUGI")
I7: sum | J7: =SUM(J2:J6) | K7: =SUM(K2:K6) | L7: =SUM(L2:L6) | M7: =SUM(M2:M6) | N7: =SUM(N2:N6) | O7: =SUM(O2:O6) | P7: =SUM(P2:P6) | Q7: =SUM(Q2:Q6) | ... S7: =SUM(S2:S6)
I8: % | J8: =IFERROR(J7/$I$1, 0) | K8: =IFERROR(K7/$I$1, 0) | L8: =IFERROR(L7/$I$1, 0) | M8: =IFERROR(M7/$I$1, 0) | N8: =IFERROR(N7/$I$1, 0) | O8: =IFERROR(O7/$I$1, 0) | P8: =IFERROR(P7/$I$1, 0) | Q8: =IFERROR(Q7/$I$1, 0) | ... S8: =IFERROR(S7/$I$1, 0)
V11: =J4/14
V13: =J3/14
T48: =J2+J3+J4
T50: =T48/20

Sheet T12 - DETAIL
H1: Tổng | I1: =SUM(F4:F1015) | J1: ăn uống | K1: vui chơi | L1: công việc | M1: học tập | N1: đồ dùng GĐ | O1: Phí tiện ích | P1: làm đẹp | Q1: y tế | R1: event | S1: nợ
B2: Ngày | C2: nội dung | D2: Hạng mục | E2: Phân loại | F2: Số Tiền | H2: Chung | I2: =SUM(J2:S2) | J2: =SUMIFS($F$4:$F$834 , $D$4:$D$834, "Ăn uống", $E$4:$E$834, "chung") | K2: =SUMIFS($F$4:$F$834 , $D$4:$D$834, "vui chơi", $E$4:$E$834, "chung") | L2: =SUMIFS($F$4:$F$834 , $D$4:$D$834, "Công việc", $E$4:$E$834, "chung") | M2: =SUMIFS($F$4:$F$834 , $D$4:$D$834, "học tập", $E$4:$E$834, "chung") | N2: =SUMIFS($F$4:$F$834 , $D$4:$D$834, "đồ dùng GĐ", $E$4:$E$834, "chung") | O2: =SUMIFS($F$4:$F$834 , $D$4:$D$834, "phí tiện ích", $E$4:$E$834, "chung") | P2: =SUMIFS($F$4:$F$834 , $D$4:$D$834, "Làm đẹp", $E$4:$E$834, "chung") | Q2: =SUMIFS($F$4:$F$834 , $D$4:$D$834, "Y tế", $E$4:$E$834, "chung") | R2: =SUMIFS($F$4:$F$834 , $D$4:$D$834, "event", $E$4:$E$834, "chung") | S2: =SUMIFS($F$4:$F$834 , $D$4:$D$834, "Nợ", $E$4:$E$834, "chung")
F3: =SUM(F4:F834) | H3: Chồng | I3: =SUM(J3:S3) | J3: =SUMIFS($F$4:$F$834 , $D$4:$D$834, "Ăn uống", $E$4:$E$834, "chồng") | K3: =SUMIFS($F$4:$F$834 , $D$4:$D$834, "vui chơi", $E$4:$E$834, "chồng") | L3: =SUMIFS($F$4:$F$834 , $D$4:$D$834, "Công việc", $E$4:$E$834, "chồng") | M3: =SUMIFS($F$4:$F$834 , $D$4:$D$834, "học tập", $E$4:$E$834, "chồng") | N3: =SUMIFS($F$4:$F$834 , $D$4:$D$834, "đồ dùng GĐ", $E$4:$E$834, "chồng") | O3: =SUMIFS($F$4:$F$834 , $D$4:$D$834, "phí tiện ích", $E$4:$E$834, "chồng") | P3: =SUMIFS($F$4:$F$834 , $D$4:$D$834, "Làm đẹp", $E$4:$E$834, "chồng") | Q3: =SUMIFS($F$4:$F$834 , $D$4:$D$834, "Y tế", $E$4:$E$834, "chồng") | R3: =SUMIFS($F$4:$F$834 , $D$4:$D$834, "event", $E$4:$E$834, "chồng") | S3: =SUMIFS($F$4:$F$834 , $D$4:$D$834, "Nợ", $E$4:$E$834, "chồng")
H4: vợ | I4: =SUM(J4:S4) | J4: =SUMIFS($F$4:$F$834 , $D$4:$D$834, "Ăn uống", $E$4:$E$834, "vợ") | K4: =SUMIFS($F$4:$F$834 , $D$4:$D$834, "vui chơi", $E$4:$E$834, "vợ") | L4: =SUMIFS($F$4:$F$834 , $D$4:$D$834, "Công việc", $E$4:$E$834, "vợ") | M4: =SUMIFS($F$4:$F$834 , $D$4:$D$834, "học tập", $E$4:$E$834, "vợ") | N4: =SUMIFS($F$4:$F$834 , $D$4:$D$834, "đồ dùng GĐ", $E$4:$E$834, "vợ") | O4: =SUMIFS($F$4:$F$834 , $D$4:$D$834, "phí tiện ích", $E$4:$E$834, "vợ") | P4: =SUMIFS($F$4:$F$834 , $D$4:$D$834, "Làm đẹp", $E$4:$E$834, "vợ") | Q4: =SUMIFS($F$4:$F$834 , $D$4:$D$834, "Y tế", $E$4:$E$834, "vợ") | R4: =SUMIFS($F$4:$F$834 , $D$4:$D$834, "event", $E$4:$E$834, "vợ") | S4: =SUMIFS($F$4:$F$834 , $D$4:$D$834, "Nợ", $E$4:$E$834, "vợ")
H5: subo | I5: =SUM(J5:S5) | J5: =SUMIFS($F$4:$F$834 , $D$4:$D$834, "Ăn uống", $E$4:$E$834, "SUBO") | K5: =SUMIFS($F$4:$F$834 , $D$4:$D$834, "vui chơi", $E$4:$E$834, "SUBO") | L5: =SUMIFS($F$4:$F$834 , $D$4:$D$834, "Công việc", $E$4:$E$834, "SUBO") | M5: =SUMIFS($F$4:$F$834 , $D$4:$D$834, "học tập", $E$4:$E$834, "SUBO") | N5: =SUMIFS($F$4:$F$834 , $D$4:$D$834, "đồ dùng GĐ", $E$4:$E$834, "SUBO") | O5: =SUMIFS($F$4:$F$834 , $D$4:$D$834, "phí tiện ích", $E$4:$E$834, "SUBO") | P5: =SUMIFS($F$4:$F$834 , $D$4:$D$834, "Làm đẹp", $E$4:$E$834, "SUBO") | Q5: =SUMIFS($F$4:$F$834 , $D$4:$D$834, "Y tế", $E$4:$E$834, "SUBO") | R5: =SUMIFS($F$4:$F$834 , $D$4:$D$834, "event", $E$4:$E$834, "SUBO") | S5: =SUMIFS($F$4:$F$834 , $D$4:$D$834, "Nợ", $E$4:$E$834, "SUBO")
H6: sugi | I6: =SUM(J6:S6) | J6: =SUMIFS($F$4:$F$834 , $D$4:$D$834, "Ăn uống", $E$4:$E$834, "SUGI") | K6: =SUMIFS($F$4:$F$834 , $D$4:$D$834, "vui chơi", $E$4:$E$834, "SUGI") | L6: =SUMIFS($F$4:$F$834 , $D$4:$D$834, "Công việc", $E$4:$E$834, "SUGI") | M6: =SUMIFS($F$4:$F$834 , $D$4:$D$834, "học tập", $E$4:$E$834, "SUGI") | N6: =SUMIFS($F$4:$F$834 , $D$4:$D$834, "đồ dùng GĐ", $E$4:$E$834, "SUGI") | O6: =SUMIFS($F$4:$F$834 , $D$4:$D$834, "phí tiện ích", $E$4:$E$834, "SUGI") | P6: =SUMIFS($F$4:$F$834 , $D$4:$D$834, "Làm đẹp", $E$4:$E$834, "SUGI") | Q6: =SUMIFS($F$4:$F$834 , $D$4:$D$834, "Y tế", $E$4:$E$834, "SUGI") | R6: =SUMIFS($F$4:$F$834 , $D$4:$D$834, "event", $E$4:$E$834, "SUGI") | S6: =SUMIFS($F$4:$F$834 , $D$4:$D$834, "Nợ", $E$4:$E$834, "SUGI")
I7: sum | J7: =SUM(J2:J6) | K7: =SUM(K2:K6) | L7: =SUM(L2:L6) | M7: =SUM(M2:M6) | N7: =SUM(N2:N6) | O7: =SUM(O2:O6) | P7: =SUM(P2:P6) | Q7: =SUM(Q2:Q6) | ... S7: =SUM(S2:S6)
I8: % | J8: =IFERROR(J7/$I$1, 0) | K8: =IFERROR(K7/$I$1, 0) | L8: =IFERROR(L7/$I$1, 0) | M8: =IFERROR(M7/$I$1, 0) | N8: =IFERROR(N7/$I$1, 0) | O8: =IFERROR(O7/$I$1, 0) | P8: =IFERROR(P7/$I$1, 0) | Q8: =IFERROR(Q7/$I$1, 0) | ... S8: =IFERROR(S7/$I$1, 0)
V11: =J4/14
V13: =J3/14
T48: =J2+J3+J4
T50: =T48/20

Sheet T7 - MASTER
B1: 46023
A3: I | B3: THU NHẬP | C3: 1 | D3: =SUM(D4:D7)
A4: 1 | B4: ck | D4: =SUM(E4:H4) | E4: 45700000 | F4: 8000000 | G4: 0 | H4: 0
A5: 2 | B5: vk | D5: =SUM(E5:H5) | E5: 30000000 | F5: 0 | G5: 0 | H5: 0
A6: 3 | B6: Subo | D6: =SUM(E6:H6) | E6: 0 | F6: 0 | G6: 0 | H6: 0
A7: 4 | B7: Sugi | D7: =SUM(E7:H7) | E7: 0 | F7: 0 | G7: 0 | H7: 0
A8: II | B8: TIẾT KIỆM | C8: 0.3 | D8: =D3*C8 | I8: CÒN LẠI | K8: =D3-D11
B9: TK thực tế | I9: CP ĐÃ TRỪ NHƯNG CHƯA ĐÓNG | J9: HỌC PHÍ
A10: III | B10: CHI PHÍ | C10: 0.7 | D10: =D3*C10 | J10: ĐIỆN THOẠI
B11: CP Thực tế | D11: =SUM(D12,D16,D18) | K11: =SUM(K8:K10)
A12: 1 | B12: Chi phí chung gia đình | C12: =IFERROR(D12/D11, 0) | D12: =SUM(D13:D15)
A13: a | B13: Chi phí chung | C13: =IFERROR(D13/$D$10, 0) | D13: ='T7 - DETAIL'!I2
A14: b | B14: Chi phí riêng subo | C14: =IFERROR(D14/$D$10, 0) | D14: ='T7 - DETAIL'!I5
A15: c | B15: chi phí riêng sugi | C15: =IFERROR(D15/$D$10, 0) | D15: ='T7 - DETAIL'!I6
A16: 2 | B16: Chi phí riêng ck (30%) | C16: =IFERROR(D16/D11, 0) | D16: ='T7 - DETAIL'!I3
B17: =30%*D10
A18: 3 | B18: Chi phí riêng vk (30%) | C18: =IFERROR(D18/D11, 0) | D18: ='T7 - DETAIL'!I4
B19: =30%*D10

Sheet T7 - DETAIL
H1: Tổng | I1: =SUM(F4:F1015) | J1: ăn uống | K1: vui chơi | L1: công việc | M1: học tập | N1: đồ dùng GĐ | O1: Phí tiện ích | P1: làm đẹp | Q1: y tế | R1: event | S1: nợ
B2: Ngày | C2: nội dung | D2: Hạng mục | E2: Phân loại | F2: Số Tiền | H2: Chung | I2: =SUM(J2:S2) | J2: =SUMIFS($F$4:$F$834 , $D$4:$D$834, "Ăn uống", $E$4:$E$834, "chung") | K2: =SUMIFS($F$4:$F$834 , $D$4:$D$834, "vui chơi", $E$4:$E$834, "chung") | L2: =SUMIFS($F$4:$F$834 , $D$4:$D$834, "Công việc", $E$4:$E$834, "chung") | M2: =SUMIFS($F$4:$F$834 , $D$4:$D$834, "học tập", $E$4:$E$834, "chung") | N2: =SUMIFS($F$4:$F$834 , $D$4:$D$834, "đồ dùng GĐ", $E$4:$E$834, "chung") | O2: =SUMIFS($F$4:$F$834 , $D$4:$D$834, "phí tiện ích", $E$4:$E$834, "chung") | P2: =SUMIFS($F$4:$F$834 , $D$4:$D$834, "Làm đẹp", $E$4:$E$834, "chung") | Q2: =SUMIFS($F$4:$F$834 , $D$4:$D$834, "Y tế", $E$4:$E$834, "chung") | R2: =SUMIFS($F$4:$F$834 , $D$4:$D$834, "event", $E$4:$E$834, "chung") | S2: =SUMIFS($F$4:$F$834 , $D$4:$D$834, "Nợ", $E$4:$E$834, "chung")
F3: =SUM(F4:F834) | H3: Chồng | I3: =SUM(J3:S3) | J3: =SUMIFS($F$4:$F$834 , $D$4:$D$834, "Ăn uống", $E$4:$E$834, "chồng") | K3: =SUMIFS($F$4:$F$834 , $D$4:$D$834, "vui chơi", $E$4:$E$834, "chồng") | L3: =SUMIFS($F$4:$F$834 , $D$4:$D$834, "Công việc", $E$4:$E$834, "chồng") | M3: =SUMIFS($F$4:$F$834 , $D$4:$D$834, "học tập", $E$4:$E$834, "chồng") | N3: =SUMIFS($F$4:$F$834 , $D$4:$D$834, "đồ dùng GĐ", $E$4:$E$834, "chồng") | O3: =SUMIFS($F$4:$F$834 , $D$4:$D$834, "phí tiện ích", $E$4:$E$834, "chồng") | P3: =SUMIFS($F$4:$F$834 , $D$4:$D$834, "Làm đẹp", $E$4:$E$834, "chồng") | Q3: =SUMIFS($F$4:$F$834 , $D$4:$D$834, "Y tế", $E$4:$E$834, "chồng") | R3: =SUMIFS($F$4:$F$834 , $D$4:$D$834, "event", $E$4:$E$834, "chồng") | S3: =SUMIFS($F$4:$F$834 , $D$4:$D$834, "Nợ", $E$4:$E$834, "chồng")
C4: nợ ck shinhan | D4: Nợ | E4: chồng | F4: 4500000 | H4: vợ | I4: =SUM(J4:S4) | J4: =SUMIFS($F$4:$F$834 , $D$4:$D$834, "Ăn uống", $E$4:$E$834, "vợ") | K4: =SUMIFS($F$4:$F$834 , $D$4:$D$834, "vui chơi", $E$4:$E$834, "vợ") | L4: =SUMIFS($F$4:$F$834 , $D$4:$D$834, "Công việc", $E$4:$E$834, "vợ") | M4: =SUMIFS($F$4:$F$834 , $D$4:$D$834, "học tập", $E$4:$E$834, "vợ") | N4: =SUMIFS($F$4:$F$834 , $D$4:$D$834, "đồ dùng GĐ", $E$4:$E$834, "vợ") | O4: =SUMIFS($F$4:$F$834 , $D$4:$D$834, "phí tiện ích", $E$4:$E$834, "vợ") | P4: =SUMIFS($F$4:$F$834 , $D$4:$D$834, "Làm đẹp", $E$4:$E$834, "vợ") | Q4: =SUMIFS($F$4:$F$834 , $D$4:$D$834, "Y tế", $E$4:$E$834, "vợ") | R4: =SUMIFS($F$4:$F$834 , $D$4:$D$834, "event", $E$4:$E$834, "vợ") | S4: =SUMIFS($F$4:$F$834 , $D$4:$D$834, "Nợ", $E$4:$E$834, "vợ")
C5: nợ thuế ck | D5: Nợ | E5: chồng | F5: 3000000 | H5: subo | I5: =SUM(J5:S5) | J5: =SUMIFS($F$4:$F$834 , $D$4:$D$834, "Ăn uống", $E$4:$E$834, "SUBO") | K5: =SUMIFS($F$4:$F$834 , $D$4:$D$834, "vui chơi", $E$4:$E$834, "SUBO") | L5: =SUMIFS($F$4:$F$834 , $D$4:$D$834, "Công việc", $E$4:$E$834, "SUBO") | M5: =SUMIFS($F$4:$F$834 , $D$4:$D$834, "học tập", $E$4:$E$834, "SUBO") | N5: =SUMIFS($F$4:$F$834 , $D$4:$D$834, "đồ dùng GĐ", $E$4:$E$834, "SUBO") | O5: =SUMIFS($F$4:$F$834 , $D$4:$D$834, "phí tiện ích", $E$4:$E$834, "SUBO") | P5: =SUMIFS($F$4:$F$834 , $D$4:$D$834, "Làm đẹp", $E$4:$E$834, "SUBO") | Q5: =SUMIFS($F$4:$F$834 , $D$4:$D$834, "Y tế", $E$4:$E$834, "SUBO") | R5: =SUMIFS($F$4:$F$834 , $D$4:$D$834, "event", $E$4:$E$834, "SUBO") | S5: =SUMIFS($F$4:$F$834 , $D$4:$D$834, "Nợ", $E$4:$E$834, "SUBO")
C6: nợ đt vk | D6: Nợ | E6: vợ | F6: 3000000 | H6: sugi | I6: =SUM(J6:S6) | J6: =SUMIFS($F$4:$F$834 , $D$4:$D$834, "Ăn uống", $E$4:$E$834, "SUGI") | K6: =SUMIFS($F$4:$F$834 , $D$4:$D$834, "vui chơi", $E$4:$E$834, "SUGI") | L6: =SUMIFS($F$4:$F$834 , $D$4:$D$834, "Công việc", $E$4:$E$834, "SUGI") | M6: =SUMIFS($F$4:$F$834 , $D$4:$D$834, "học tập", $E$4:$E$834, "SUGI") | N6: =SUMIFS($F$4:$F$834 , $D$4:$D$834, "đồ dùng GĐ", $E$4:$E$834, "SUGI") | O6: =SUMIFS($F$4:$F$834 , $D$4:$D$834, "phí tiện ích", $E$4:$E$834, "SUGI") | P6: =SUMIFS($F$4:$F$834 , $D$4:$D$834, "Làm đẹp", $E$4:$E$834, "SUGI") | Q6: =SUMIFS($F$4:$F$834 , $D$4:$D$834, "Y tế", $E$4:$E$834, "SUGI") | R6: =SUMIFS($F$4:$F$834 , $D$4:$D$834, "event", $E$4:$E$834, "SUGI") | S6: =SUMIFS($F$4:$F$834 , $D$4:$D$834, "Nợ", $E$4:$E$834, "SUGI")
C7: học phí subo | D7: học tập | E7: SUBO | F7: =9350000+2520000 | I7: sum | J7: =SUM(J2:J6) | K7: =SUM(K2:K6) | L7: =SUM(L2:L6) | M7: =SUM(M2:M6) | N7: =SUM(N2:N6) | O7: =SUM(O2:O6) | P7: =SUM(P2:P6) | Q7: =SUM(Q2:Q6) | ... S7: =SUM(S2:S6)
C8: coop | D8: Ăn uống | E8: Chung | F8: =506000+810000+813000 | I8: % | J8: =J7/$I$1 | K8: =K7/$I$1 | L8: =L7/$I$1 | M8: =M7/$I$1 | N8: =N7/$I$1 | O8: =O7/$I$1 | P8: =P7/$I$1 | Q8: =Q7/$I$1 | ... S8: =S7/$I$1
C9: rút tiền mặt. | D9: Ăn uống | E9: Chung | F9: 3000000
C10: tiền học shopee | D10: học tập | E10: vợ | F10: 4686000
C11: ví vk | D11: Làm đẹp | E11: vợ | F11: 14000 | V11: =J4/14
C12: grab lên bà hằng | D12: phí tiện ích | E12: Chung | F12: 25000
C13: khu vui chơi | D13: vui chơi | E13: SUBO | F13: 75000 | V13: =J3/14
C14: ăn ck mời đn | D14: Ăn uống | E14: chồng | F14: 226000
C15: phí qlcc | D15: phí tiện ích | E15: Chung | F15: 691000
C16: chôm chôm, cua xay | D16: Ăn uống | E16: Chung | F16: =40000+54000
C17: mua sim | D17: Công việc | E17: Chung | F17: 185000
C18: spee thuốc bổ | D18: Y tế | E18: Chung | F18: 998000
C19: spee áo khoác nắng | D19: Làm đẹp | E19: vợ | F19: 490000
C20: spee khẩu trang | D20: Y tế | E20: Chung | F20: 231000
C21: spee que test tiểu đường | D21: Y tế | E21: Chung | F21: 286000
C22: spee sữa | D22: Ăn uống | E22: Chung | F22: 444000
C23: spee quần mưa, trùm balo | D23: đồ dùng GĐ | E23: chồng | F23: =45000+125000
C24: spee kem hăm | D24: đồ dùng GĐ | E24: SUGI | F24: 240000
C25: spee bình sữa | D25: đồ dùng GĐ | E25: SUGI | F25: 646000
C26: chat gpt | D26: Công việc | E26: Chung | F26: =46190000-45600000
C27: internet | D27: phí tiện ích | E27: Chung | F27: 220000
C28: tiền điện | D28: phí tiện ích | E28: Chung | F28: 1807000
C29: winmart, coop | D29: Ăn uống | E29: Chung | F29: =16000+38000+82000+50000
C30: đi chợ(bánh mì, chôm2, bánh trung thu) | D30: Ăn uống | E30: Chung | F30: =7000+75000+290000
C31: rút | D31: Ăn uống | E31: Chung | F31: 3000000
C32: win mart | D32: Ăn uống | E32: Chung | F32: =35000+21000+150000+290000
C33: spee nguyen lieu lam banh | D33: Ăn uống | E33: Chung | F33: =101000+167000+45000+62000+81000+146000+138000+24000
C34: spee đồ dùng ( cân,... | D34: đồ dùng GĐ | E34: Chung | F34: =37000+62000+168000+159000+133000+260000+169000
C35: spee vit D | D35: Y tế | E35: SUGI | F35: 369000
C36: xăng vk | D36: phí tiện ích | E36: vợ | F36: 80000
C37: donut | D37: Ăn uống | E37: Chung | F37: 80000
C38: làm nách vk | D38: Làm đẹp | E38: vợ | F38: 20000000
C39: winmart | D39: Ăn uống | E39: Chung | F39: =68000+24000
C40: you tube | D40: phí tiện ích | E40: chồng | F40: 88000
C41: ăn phở 2 vc | D41: Ăn uống | E41: Chung
C42: kingfood | D42: Ăn uống | E42: Chung | F42: 90000
C43: thuốc hạ sốt | D43: Y tế | E43: SUGI | F43: 42000
C44: winmart sữa, đg | D44: Ăn uống | E44: Chung | F44: =39000+42000
C45: đt vk | D45: phí tiện ích | E45: vợ | F45: =54000+25000
C46: vaccine sugi | D46: Y tế | E46: SUGI | F46: 3538000
C47: tẩy vết bẩn | D47: đồ dùng GĐ | E47: Chung | F47: 313000
C48: rút | D48: Ăn uống | E48: Chung | F48: 2900000 | T48: =J2+J3+J4
C49: ủng hộ chung cư | D49: event | E49: Chung | F49: 200000
C50: coop, kingfood | D50: Ăn uống | E50: Chung | F50: =10000+185000+306000+312000+46000 | T50: =T48/20
C51: bhx | D51: Ăn uống | E51: Chung | F51: 88000
C52: xăng vk | D52: phí tiện ích | E52: vợ | F52: 87000
C53: xn tiểu đường | D53: Y tế | E53: vợ | F53: 185000
C54: sửa đt mẹ | D54: event | E54: vợ | F54: 135000
C55: sầu riêng, hạt điều | D55: Ăn uống | E55: Chung | F55: 250000
C56: xôi gà | D56: Ăn uống | E56: Chung | F56: 50000
C57: cắt tóc vk | D57: Làm đẹp | E57: vợ | F57: 400000
C58: nhãn, chôm2 | D58: Ăn uống | E58: Chung | F58: 135000
C59: khâm tđuong | D59: Y tế | E59: vợ | F59: 1750000
C60: spee nhiệt kế | D60: đồ dùng GĐ | E60: Chung | F60: 100000
C61: spee gậy chụp | D61: đồ dùng GĐ | E61: Chung | F61: =279000+171000
C62: be | D62: phí tiện ích | E62: Chung | F62: 73000
C63: kid plaza, con cưng | D63: đồ dùng GĐ | E63: SUGI | F63: =212000+23000
C64: vinamilk | D64: Ăn uống | E64: Chung | F64: 69000
C65: emart | D65: Ăn uống | E65: Chung | F65: 2138000
C66: winmart | D66: Ăn uống | E66: Chung | F66: 193000
C67: cafe ck highland | D67: Công việc | E67: chồng | F67: 158000

Sheet T6 - MASTER
B1: 46023
A3: I | B3: THU NHẬP | C3: 1 | D3: =SUM(D4:D7)
A4: 1 | B4: ck | D4: =SUM(E4:H4) | E4: 44947000 | F4: 8000000 | G4: 0 | H4: 0
A5: 2 | B5: vk | D5: =SUM(E5:H5) | E5: 30000000 | F5: 5000000 | G5: 0 | H5: 0
A6: 3 | B6: Subo | D6: =SUM(E6:H6) | E6: 500000 | F6: 200000 | G6: 0 | H6: 0
A7: 4 | B7: Sugi | D7: =SUM(E7:H7) | E7: 500000 | F7: 200000 | G7: 400000 | H7: 0
A8: II | B8: TIẾT KIỆM | C8: 0.3 | D8: =D3*C8 | I8: CÒN LẠI | K8: =D3-D11
B9: TK thực tế | I9: CP ĐÃ TRỪ NHƯNG CHƯA ĐÓNG | J9: HỌC PHÍ
A10: III | B10: CHI PHÍ | C10: 0.7 | D10: =D3*C10 | J10: ĐIỆN THOẠI
B11: CP Thực tế | D11: =SUM(D12,D16,D18) | K11: =SUM(K8:K10)
A12: 1 | B12: Chi phí chung gia đình | C12: =IFERROR(D12/D11, 0) | D12: =SUM(D13:D15)
A13: a | B13: Chi phí chung | C13: =IFERROR(D13/$D$10, 0) | D13: ='T6 - DETAIL'!I2
A14: b | B14: Chi phí riêng subo | C14: =IFERROR(D14/$D$10, 0) | D14: ='T6 - DETAIL'!I5
A15: c | B15: chi phí riêng sugi | C15: =IFERROR(D15/$D$10, 0) | D15: ='T6 - DETAIL'!I6
A16: 2 | B16: Chi phí riêng ck (30%) | C16: =IFERROR(D16/D11, 0) | D16: ='T6 - DETAIL'!I3
B17: =30%*D10
A18: 3 | B18: Chi phí riêng vk (30%) | C18: =IFERROR(D18/D11, 0) | D18: ='T6 - DETAIL'!I4
B19: =30%*D10

Sheet T6 - DETAIL
H1: Tổng | I1: =SUM(F4:F1015) | J1: ăn uống | K1: vui chơi | L1: công việc | M1: học tập | N1: đồ dùng GĐ | O1: Phí tiện ích | P1: làm đẹp | Q1: y tế | R1: event | S1: nợ
B2: Ngày | C2: nội dung | D2: Hạng mục | E2: Phân loại | F2: Số Tiền | H2: Chung | I2: =SUM(J2:S2) | J2: =SUMIFS($F$4:$F$834 , $D$4:$D$834, "Ăn uống", $E$4:$E$834, "chung") | K2: =SUMIFS($F$4:$F$834 , $D$4:$D$834, "vui chơi", $E$4:$E$834, "chung") | L2: =SUMIFS($F$4:$F$834 , $D$4:$D$834, "Công việc", $E$4:$E$834, "chung") | M2: =SUMIFS($F$4:$F$834 , $D$4:$D$834, "học tập", $E$4:$E$834, "chung") | N2: =SUMIFS($F$4:$F$834 , $D$4:$D$834, "đồ dùng GĐ", $E$4:$E$834, "chung") | O2: =SUMIFS($F$4:$F$834 , $D$4:$D$834, "phí tiện ích", $E$4:$E$834, "chung") | P2: =SUMIFS($F$4:$F$834 , $D$4:$D$834, "Làm đẹp", $E$4:$E$834, "chung") | Q2: =SUMIFS($F$4:$F$834 , $D$4:$D$834, "Y tế", $E$4:$E$834, "chung") | R2: =SUMIFS($F$4:$F$834 , $D$4:$D$834, "event", $E$4:$E$834, "chung") | S2: =SUMIFS($F$4:$F$834 , $D$4:$D$834, "Nợ", $E$4:$E$834, "chung")
F3: =SUM(F4:F834) | H3: Chồng | I3: =SUM(J3:S3) | J3: =SUMIFS($F$4:$F$834 , $D$4:$D$834, "Ăn uống", $E$4:$E$834, "chồng") | K3: =SUMIFS($F$4:$F$834 , $D$4:$D$834, "vui chơi", $E$4:$E$834, "chồng") | L3: =SUMIFS($F$4:$F$834 , $D$4:$D$834, "Công việc", $E$4:$E$834, "chồng") | M3: =SUMIFS($F$4:$F$834 , $D$4:$D$834, "học tập", $E$4:$E$834, "chồng") | N3: =SUMIFS($F$4:$F$834 , $D$4:$D$834, "đồ dùng GĐ", $E$4:$E$834, "chồng") | O3: =SUMIFS($F$4:$F$834 , $D$4:$D$834, "phí tiện ích", $E$4:$E$834, "chồng") | P3: =SUMIFS($F$4:$F$834 , $D$4:$D$834, "Làm đẹp", $E$4:$E$834, "chồng") | Q3: =SUMIFS($F$4:$F$834 , $D$4:$D$834, "Y tế", $E$4:$E$834, "chồng") | R3: =SUMIFS($F$4:$F$834 , $D$4:$D$834, "event", $E$4:$E$834, "chồng") | S3: =SUMIFS($F$4:$F$834 , $D$4:$D$834, "Nợ", $E$4:$E$834, "chồng")
C4: nợ ck shinhan | D4: Nợ | E4: chồng | F4: 4500000 | H4: vợ | I4: =SUM(J4:S4) | J4: =SUMIFS($F$4:$F$834 , $D$4:$D$834, "Ăn uống", $E$4:$E$834, "vợ") | K4: =SUMIFS($F$4:$F$834 , $D$4:$D$834, "vui chơi", $E$4:$E$834, "vợ") | L4: =SUMIFS($F$4:$F$834 , $D$4:$D$834, "Công việc", $E$4:$E$834, "vợ") | M4: =SUMIFS($F$4:$F$834 , $D$4:$D$834, "học tập", $E$4:$E$834, "vợ") | N4: =SUMIFS($F$4:$F$834 , $D$4:$D$834, "đồ dùng GĐ", $E$4:$E$834, "vợ") | O4: =SUMIFS($F$4:$F$834 , $D$4:$D$834, "phí tiện ích", $E$4:$E$834, "vợ") | P4: =SUMIFS($F$4:$F$834 , $D$4:$D$834, "Làm đẹp", $E$4:$E$834, "vợ") | Q4: =SUMIFS($F$4:$F$834 , $D$4:$D$834, "Y tế", $E$4:$E$834, "vợ") | R4: =SUMIFS($F$4:$F$834 , $D$4:$D$834, "event", $E$4:$E$834, "vợ") | S4: =SUMIFS($F$4:$F$834 , $D$4:$D$834, "Nợ", $E$4:$E$834, "vợ")
C5: nợ thuế ck | D5: Nợ | E5: chồng | F5: 3000000 | H5: subo | I5: =SUM(J5:S5) | J5: =SUMIFS($F$4:$F$834 , $D$4:$D$834, "Ăn uống", $E$4:$E$834, "SUBO") | K5: =SUMIFS($F$4:$F$834 , $D$4:$D$834, "vui chơi", $E$4:$E$834, "SUBO") | L5: =SUMIFS($F$4:$F$834 , $D$4:$D$834, "Công việc", $E$4:$E$834, "SUBO") | M5: =SUMIFS($F$4:$F$834 , $D$4:$D$834, "học tập", $E$4:$E$834, "SUBO") | N5: =SUMIFS($F$4:$F$834 , $D$4:$D$834, "đồ dùng GĐ", $E$4:$E$834, "SUBO") | O5: =SUMIFS($F$4:$F$834 , $D$4:$D$834, "phí tiện ích", $E$4:$E$834, "SUBO") | P5: =SUMIFS($F$4:$F$834 , $D$4:$D$834, "Làm đẹp", $E$4:$E$834, "SUBO") | Q5: =SUMIFS($F$4:$F$834 , $D$4:$D$834, "Y tế", $E$4:$E$834, "SUBO") | R5: =SUMIFS($F$4:$F$834 , $D$4:$D$834, "event", $E$4:$E$834, "SUBO") | S5: =SUMIFS($F$4:$F$834 , $D$4:$D$834, "Nợ", $E$4:$E$834, "SUBO")
C6: nợ đt vk | D6: Nợ | E6: vợ | F6: 3000000 | H6: sugi | I6: =SUM(J6:S6) | J6: =SUMIFS($F$4:$F$834 , $D$4:$D$834, "Ăn uống", $E$4:$E$834, "SUGI") | K6: =SUMIFS($F$4:$F$834 , $D$4:$D$834, "vui chơi", $E$4:$E$834, "SUGI") | L6: =SUMIFS($F$4:$F$834 , $D$4:$D$834, "Công việc", $E$4:$E$834, "SUGI") | M6: =SUMIFS($F$4:$F$834 , $D$4:$D$834, "học tập", $E$4:$E$834, "SUGI") | N6: =SUMIFS($F$4:$F$834 , $D$4:$D$834, "đồ dùng GĐ", $E$4:$E$834, "SUGI") | O6: =SUMIFS($F$4:$F$834 , $D$4:$D$834, "phí tiện ích", $E$4:$E$834, "SUGI") | P6: =SUMIFS($F$4:$F$834 , $D$4:$D$834, "Làm đẹp", $E$4:$E$834, "SUGI") | Q6: =SUMIFS($F$4:$F$834 , $D$4:$D$834, "Y tế", $E$4:$E$834, "SUGI") | R6: =SUMIFS($F$4:$F$834 , $D$4:$D$834, "event", $E$4:$E$834, "SUGI") | S6: =SUMIFS($F$4:$F$834 , $D$4:$D$834, "Nợ", $E$4:$E$834, "SUGI")
C7: học phí subo | D7: học tập | E7: SUBO | F7: =9350000+2480000 | I7: sum | J7: =SUM(J2:J6) | K7: =SUM(K2:K6) | L7: =SUM(L2:L6) | M7: =SUM(M2:M6) | N7: =SUM(N2:N6) | O7: =SUM(O2:O6) | P7: =SUM(P2:P6) | Q7: =SUM(Q2:Q6) | ... S7: =SUM(S2:S6)
C8: chơi 1/6 | D8: vui chơi | E8: Chung | F8: 120000 | I8: % | J8: =J7/$I$1 | K8: =K7/$I$1 | L8: =L7/$I$1 | M8: =M7/$I$1 | N8: =N7/$I$1 | O8: =O7/$I$1 | P8: =P7/$I$1 | Q8: =Q7/$I$1 | ... S8: =S7/$I$1
B9: 2 | C9: mở thẻ shb | D9: Công việc | E9: vợ | F9: 110000
C10: ăn vặt | D10: Ăn uống | E10: Chung | F10: =183000+60000
C11: siêu thị coop, nước dừa | D11: Ăn uống | E11: Chung | F11: =395000+30000 | V11: =J4/14
C12: phô tô, sao y, phí sao kê NH, dịch thuật | D12: Công việc | E12: vợ | F12: =35000+165000+100000+21000
C13: ăn vk | D13: Ăn uống | E13: vợ | F13: 700000 | V13: =J3/14
C14: măng cụt | D14: Ăn uống | E14: Chung | F14: 500000
C15: khám + thuốc sugi | D15: Y tế | E15: SUGI | F15: =150000+145000
B16: 6 | C16: ăn ck cty | D16: Ăn uống | E16: chồng | F16: 390000
C17: làm răng | D17: Y tế | E17: SUBO | F17: 1200000
C18: emart | D18: Ăn uống | E18: Chung | F18: 694000
C19: super wing | D19: vui chơi | E19: SUBO | F19: 281000
C20: thuốc long châu | D20: Y tế | E20: Chung | F20: =813000+93000
C21: đổ xăng | D21: phí tiện ích | E21: chồng | F21: 80000
C22: sầu rg. | D22: Ăn uống | E22: Chung | F22: 175000
C23: ăn đồ thái | D23: Ăn uống | E23: Chung | F23: 445000
C24: spee kem hăm, bỉm | D24: đồ dùng GĐ | E24: SUGI | F24: =879000+153000
C25: spee nước giặt | D25: đồ dùng GĐ | E25: Chung | F25: 784000
C26: spee bôi nách | D26: Làm đẹp | E26: vợ | F26: 339000
C27: spee sữa | D27: Ăn uống | E27: Chung | F27: 447000
C28: spee áo sugi | D28: đồ dùng GĐ | E28: SUGI | F28: 129000
C29: internet | D29: phí tiện ích | E29: Chung | F29: 220000
C30: vé mb mina | D30: event | E30: vợ | F30: 2200000
C31: đt vk | D31: phí tiện ích | E31: vợ | F31: 50000
C32: phi qlcc | D32: phí tiện ích | E32: Chung | F32: 533000
C33: mở thẻ shb | D33: phí tiện ích | E33: vợ | F33: 110000
C34: ck đi cafe | D34: vui chơi | E34: Chung | F34: 425000
C35: khám sk sugi | D35: Y tế | E35: SUGI | F35: =1400000+730000
C36: tiền ăn rút | D36: Ăn uống | E36: Chung | F36: =4000000-F37
B37: 12/6 | C37: tiền sửa nhà | D37: đồ dùng GĐ | E37: Chung | F37: 1200000
C38: đổ xăng ck. | D38: phí tiện ích | E38: chồng | F38: 75000
C39: đổ xăng vk | D39: phí tiện ích | E39: vợ | F39: 95000
C40: be nhà bà hằng | D40: phí tiện ích | E40: Chung | F40: 155000
C41: tiền điện | D41: phí tiện ích | E41: Chung | F41: 2024000
C42: pi thái | D42: Ăn uống | E42: Chung | F42: 203000
C43: ck cafe, sinh nhật c nhàn | D43: Ăn uống | E43: chồng | F43: =74000+235000
C44: king food (bánh mì kem đồ ăn) | D44: Ăn uống | E44: Chung | F44: =15000+199000
B45: 14/6 | C45: sách fahasa | D45: học tập | E45: SUBO | F45: 39000
C46: emart | D46: Ăn uống | E46: Chung | F46: =143000+1276000
C47: bể cá | D47: vui chơi | E47: Chung | F47: 475000
C48: làm răng | D48: Y tế | E48: SUBO | F48: 2300000 | T48: =J2+J3+J4
B49: 16/6 | C49: spee quần áo | D49: đồ dùng GĐ | E49: SUGI | F49: =146000+395000
C50: spee vit D | D50: Y tế | E50: SUBO | F50: 383000 | T50: =T48/20
C51: spee máy hàn, spatula | D51: đồ dùng GĐ | E51: Chung | F51: 54000
C52: spee phô mai | D52: Ăn uống | E52: Chung | F52: 132000
C53: chợ mua bonbon, tỏi,đá | D53: Ăn uống | E53: Chung | F53: =40000+49000+5000
C54: rau spee | D54: Ăn uống | E54: Chung | F54: 159000
C55: circle k, kingfood, | D55: Ăn uống | E55: Chung | F55: =18000+288000
C56: youtube | D56: phí tiện ích | E56: chồng | F56: 88000
C57: làm môi | D57: Làm đẹp | E57: vợ | F57: 9500000
C58: đi ăn nhóm | D58: vui chơi | E58: vợ | F58: 480000
C59: sao y, gửi hs | D59: đồ dùng GĐ | E59: vợ | F59: =24000+12000
C60: làm kệ | D60: đồ dùng GĐ | E60: Chung | F60: 750000
C61: rau, dứa | D61: Ăn uống | E61: Chung | F61: =15000+50000
C62: winmart | D62: Ăn uống | E62: Chung | F62: =26000+7000
C63: vaccine subo | D63: Y tế | E63: SUBO | F63: 1106000
C64: vacine sugi | D64: Y tế | E64: SUGI | F64: 2415000
C65: vacine ck | D65: Y tế | E65: chồng | F65: 329000
C66: be giao hàng | D66: đồ dùng GĐ | E66: Chung | F66: =36000+10000+26000+24000
C67: bánh ngọt sugar town | D67: Ăn uống | E67: Chung | F67: =70000+140000+35000
C68: winmart | D68: Ăn uống | E68: Chung | F68: =80000+26000
C69: xăng vk | D69: phí tiện ích | E69: vợ | F69: 80000
C70: coop mart | D70: Ăn uống | E70: Chung | F70: 826000
C71: spee ( đồng hồ, file hồ sơ) | D71: đồ dùng GĐ | E71: Chung | F71: =930000-F72-F73
C72: spee gặm nướu | D72: đồ dùng GĐ | E72: SUGI | F72: 153000
C73: spee yến mạch | D73: Ăn uống | E73: Chung | F73: 85000
C74: quần áo mẹ & vợ | D74: Làm đẹp | E74: vợ | F74: =268000+519000
C75: bánh flan | D75: Ăn uống | E75: Chung | F75: 60000
C76: cắt tóc | D76: Làm đẹp | E76: chồng
C77: mua cá | D77: đồ dùng GĐ | E77: Chung
C78: emart | D78: Ăn uống | E78: Chung | F78: =466000+1719000
C79: ăn vặt đêm khuy bánh tráng | D79: Ăn uống | E79: Chung | F79: 148000
C80: rút tiền ăn | D80: Ăn uống | E80: Chung | F80: =1000000-F76

Sheet T5 - MASTER
B1: 46023
A3: I | B3: THU NHẬP | C3: 1 | D3: =SUM(D4:D7)
A4: 1 | B4: ck | D4: =SUM(E4:H4) | E4: 51600000 | F4: 8000000 | G4: 0 | H4: 0
A5: 2 | B5: vk | D5: =SUM(E5:H5) | E5: 30000000 | F5: 0 | G5: 0 | H5: 0
A6: 3 | B6: Subo | D6: =SUM(E6:H6) | E6: 0 | F6: 0 | G6: 0 | H6: 0
A7: 4 | B7: Sugi | D7: =SUM(E7:H7) | E7: 0 | F7: 0 | G7: 0 | H7: 0
A8: II | B8: TIẾT KIỆM | C8: 0.3 | D8: =D3*C8 | I8: CÒN LẠI | K8: =D3-D11
B9: TK thực tế | I9: CP ĐÃ TRỪ NHƯNG CHƯA ĐÓNG | J9: HỌC PHÍ
A10: III | B10: CHI PHÍ | C10: 0.7 | D10: =D3*C10 | J10: ĐIỆN THOẠI
B11: CP Thực tế | D11: =SUM(D12,D16,D18) | K11: =SUM(K8:K10)
A12: 1 | B12: Chi phí chung gia đình | C12: =IFERROR(D12/D11, 0) | D12: =SUM(D13:D15)
A13: a | B13: Chi phí chung | C13: =IFERROR(D13/$D$10, 0) | D13: ='T5 - DETAIL'!I2
A14: b | B14: Chi phí riêng subo | C14: =IFERROR(D14/$D$10, 0) | D14: ='T5 - DETAIL'!I5
A15: c | B15: chi phí riêng sugi | C15: =IFERROR(D15/$D$10, 0) | D15: ='T5 - DETAIL'!I6
A16: 2 | B16: Chi phí riêng ck (30%) | C16: =IFERROR(D16/D11, 0) | D16: ='T5 - DETAIL'!I3
B17: =30%*D10
A18: 3 | B18: Chi phí riêng vk (30%) | C18: =IFERROR(D18/D11, 0) | D18: ='T5 - DETAIL'!I4
B19: =30%*D10

Sheet T5 - DETAIL
H1: Tổng | I1: =SUM(F4:F1014) | J1: ăn uống | K1: vui chơi | L1: công việc | M1: học tập | N1: đồ dùng GĐ | O1: Phí tiện ích | P1: làm đẹp | Q1: y tế | R1: event | S1: nợ
B2: Ngày | C2: nội dung | D2: Hạng mục | E2: Phân loại | F2: Số Tiền | H2: Chung | I2: =SUM(J2:S2) | J2: =SUMIFS($F$4:$F$833, $D$4:$D$833, "Ăn uống", $E$4:$E$833, "chung") | K2: =SUMIFS($F$4:$F$833, $D$4:$D$833, "vui chơi", $E$4:$E$833, "chung") | L2: =SUMIFS($F$4:$F$833 , $D$4:$D$833, "Công việc", $E$4:$E$833, "chung") | M2: =SUMIFS($F$4:$F$833 , $D$4:$D$833, "học tập", $E$4:$E$833, "chung") | N2: =SUMIFS($F$4:$F$833 , $D$4:$D$833, "đồ dùng GĐ", $E$4:$E$833, "chung") | O2: =SUMIFS($F$4:$F$833 , $D$4:$D$833, "phí tiện ích", $E$4:$E$833, "chung") | P2: =SUMIFS($F$4:$F$833 , $D$4:$D$833, "Làm đẹp", $E$4:$E$833, "chung") | Q2: =SUMIFS($F$4:$F$833 , $D$4:$D$833, "Y tế", $E$4:$E$833, "chung") | R2: =SUMIFS($F$4:$F$833 , $D$4:$D$833, "event", $E$4:$E$833, "chung") | S2: =SUMIFS($F$4:$F$833 , $D$4:$D$833, "Nợ", $E$4:$E$833, "chung")
F3: =SUM(F4:F833) | H3: Chồng | I3: =SUM(J3:S3) | J3: =SUMIFS($F$4:$F$833 , $D$4:$D$833, "Ăn uống", $E$4:$E$833, "chồng") | K3: =SUMIFS($F$4:$F$833 , $D$4:$D$833, "vui chơi", $E$4:$E$833, "chồng") | L3: =SUMIFS($F$4:$F$833 , $D$4:$D$833, "Công việc", $E$4:$E$833, "chồng") | M3: =SUMIFS($F$4:$F$833 , $D$4:$D$833, "học tập", $E$4:$E$833, "chồng") | N3: =SUMIFS($F$4:$F$833 , $D$4:$D$833, "đồ dùng GĐ", $E$4:$E$833, "chồng") | O3: =SUMIFS($F$4:$F$833 , $D$4:$D$833, "phí tiện ích", $E$4:$E$833, "chồng") | P3: =SUMIFS($F$4:$F$833 , $D$4:$D$833, "Làm đẹp", $E$4:$E$833, "chồng") | Q3: =SUMIFS($F$4:$F$833 , $D$4:$D$833, "Y tế", $E$4:$E$833, "chồng") | R3: =SUMIFS($F$4:$F$833 , $D$4:$D$833, "event", $E$4:$E$833, "chồng") | S3: =SUMIFS($F$4:$F$833 , $D$4:$D$833, "Nợ", $E$4:$E$833, "chồng")
C4: nợ ck shinhan | D4: Nợ | E4: chồng | F4: 4500000 | I4: =SUM(J4:S4) | J4: =SUMIFS($F$4:$F$833 , $D$4:$D$833, "Ăn uống", $E$4:$E$833, "vợ") | K4: =SUMIFS($F$4:$F$833 , $D$4:$D$833, "vui chơi", $E$4:$E$833, "vợ") | L4: =SUMIFS($F$4:$F$833 , $D$4:$D$833, "Công việc", $E$4:$E$833, "vợ") | M4: =SUMIFS($F$4:$F$833 , $D$4:$D$833, "học tập", $E$4:$E$833, "vợ") | N4: =SUMIFS($F$4:$F$833 , $D$4:$D$833, "đồ dùng GĐ", $E$4:$E$833, "vợ") | O4: =SUMIFS($F$4:$F$833 , $D$4:$D$833, "phí tiện ích", $E$4:$E$833, "vợ") | P4: =SUMIFS($F$4:$F$833 , $D$4:$D$833, "Làm đẹp", $E$4:$E$833, "vợ") | Q4: =SUMIFS($F$4:$F$833 , $D$4:$D$833, "Y tế", $E$4:$E$833, "vợ") | R4: =SUMIFS($F$4:$F$833 , $D$4:$D$833, "event", $E$4:$E$833, "vợ") | S4: =SUMIFS($F$4:$F$833 , $D$4:$D$833, "Nợ", $E$4:$E$833, "vợ")
C5: nợ thuế ck | D5: Nợ | E5: chồng | F5: 3000000 | I5: =SUM(J5:S5) | J5: =SUMIFS($F$4:$F$833 , $D$4:$D$833, "Ăn uống", $E$4:$E$833, "SUBO") | K5: =SUMIFS($F$4:$F$833 , $D$4:$D$833, "vui chơi", $E$4:$E$833, "SUBO") | L5: =SUMIFS($F$4:$F$833 , $D$4:$D$833, "Công việc", $E$4:$E$833, "SUBO") | M5: =SUMIFS($F$4:$F$833 , $D$4:$D$833, "học tập", $E$4:$E$833, "SUBO") | N5: =SUMIFS($F$4:$F$833 , $D$4:$D$833, "đồ dùng GĐ", $E$4:$E$833, "SUBO") | O5: =SUMIFS($F$4:$F$833 , $D$4:$D$833, "phí tiện ích", $E$4:$E$833, "SUBO") | P5: =SUMIFS($F$4:$F$833 , $D$4:$D$833, "Làm đẹp", $E$4:$E$833, "SUBO") | Q5: =SUMIFS($F$4:$F$833 , $D$4:$D$833, "Y tế", $E$4:$E$833, "SUBO") | R5: =SUMIFS($F$4:$F$833 , $D$4:$D$833, "event", $E$4:$E$833, "SUBO") | S5: =SUMIFS($F$4:$F$833 , $D$4:$D$833, "Nợ", $E$4:$E$833, "SUBO")
C6: nợ đt vk | D6: Nợ | E6: vợ | F6: 3000000 | I6: =SUM(J6:S6) | J6: =SUMIFS($F$4:$F$833 , $D$4:$D$833, "Ăn uống", $E$4:$E$833, "SUGI") | K6: =SUMIFS($F$4:$F$833 , $D$4:$D$833, "vui chơi", $E$4:$E$833, "SUGI") | L6: =SUMIFS($F$4:$F$833 , $D$4:$D$833, "Công việc", $E$4:$E$833, "SUGI") | M6: =SUMIFS($F$4:$F$833 , $D$4:$D$833, "học tập", $E$4:$E$833, "SUGI") | N6: =SUMIFS($F$4:$F$833 , $D$4:$D$833, "đồ dùng GĐ", $E$4:$E$833, "SUGI") | O6: =SUMIFS($F$4:$F$833 , $D$4:$D$833, "phí tiện ích", $E$4:$E$833, "SUGI") | P6: =SUMIFS($F$4:$F$833 , $D$4:$D$833, "Làm đẹp", $E$4:$E$833, "SUGI") | Q6: =SUMIFS($F$4:$F$833 , $D$4:$D$833, "Y tế", $E$4:$E$833, "SUGI") | R6: =SUMIFS($F$4:$F$833 , $D$4:$D$833, "event", $E$4:$E$833, "SUGI") | S6: =SUMIFS($F$4:$F$833 , $D$4:$D$833, "Nợ", $E$4:$E$833, "SUGI")
C7: học phí subo | D7: học tập | E7: SUBO | F7: =9350000+2100000 | J7: =SUM(J2:J6) | K7: =SUM(K2:K6) | L7: =SUM(L2:L6) | M7: =SUM(M2:M6) | N7: =SUM(N2:N6) | O7: =SUM(O2:O6) | P7: =SUM(P2:P6) | Q7: =SUM(Q2:Q6) | ... S7: =SUM(S2:S6)
B8: 46143 | C8: chân giò quay | D8: Ăn uống | E8: Chung | F8: 360000 | I8: % | J8: =J7/$I$1 | K8: =K7/$I$1 | L8: =L7/$I$1 | M8: =M7/$I$1 | N8: =N7/$I$1 | O8: =O7/$I$1 | P8: =P7/$I$1 | Q8: =Q7/$I$1 | ... S8: =S7/$I$1
C9: ech xanh | D9: vui chơi | E9: Chung | F9: 2359000
C10: winmart, bhx, sinh tố xoài | D10: Ăn uống | E10: Chung | F10: =35000+104000+25000
C11: con cưng | D11: vui chơi | E11: SUBO | F11: 178000 | V11: =J4/14
C12: phí qlcc | D12: phí tiện ích | E12: Chung | F12: 633000
B13: 46147 | C13: spee (nấm ) | D13: Ăn uống | E13: Chung | F13: 227000 | V13: =J3/14
C14: spee nước giặt, nc rửa bát | D14: đồ dùng GĐ | E14: Chung | F14: =438000+515000
C15: spee bỉm | D15: đồ dùng GĐ | E15: SUGI | F15: 830000
C16: spee quần áo sugi | D16: đồ dùng GĐ | E16: SUGI | F16: =282000+397000+116000
C17: ủng đi mưa | D17: đồ dùng GĐ | E17: chồng | F17: 57000
B18: 46148 | C18: trái cây | D18: Ăn uống | E18: Chung | F18: 433000
C19: sửa xe | D19: phí tiện ích | E19: vợ | F19: 950000
C20: tiếng anh | D20: học tập | E20: vợ | F20: 2000000
C21: chat gpt | D21: Công việc | E21: Chung | F21: =51393000-50802000
C22: đón subo | D22: phí tiện ích | E22: SUBO | F22: =16000+19000+21000
C23: tiêm chủng sugi | D23: Y tế | E23: SUGI | F23: 4443000
B24: 09/5 | C24: sách cá chép | D24: học tập | E24: SUBO | F24: 491000
C25: nước mía, nước rau má | D25: Ăn uống | E25: Chung | F25: =10000+36000
C26: vé máy bay mina | D26: vui chơi | E26: vợ | F26: 2100000
C27: bún bò | D27: Ăn uống | E27: Chung | F27: 150000
C28: mực | D28: Ăn uống | E28: Chung | F28: 205000
C29: tiền điện | D29: phí tiện ích | E29: Chung | F29: 1260000
C30: internet | D30: phí tiện ích | E30: Chung | F30: 220000
C31: tiền ăn uống ck | D31: Ăn uống | E31: Chung | F31: =35000+15000
B32: 12/5 | C32: emart | D32: Ăn uống | E32: Chung | F32: =198000+2036000
C33: winmart | D33: Ăn uống | E33: Chung | F33: 44000
C34: xăng ck | D34: phí tiện ích | E34: chồng | F34: 92000
C35: gửi giấy tờ sb | D35: phí tiện ích | E35: Chung | F35: 29000
C36: dã ngoại sb | D36: học tập | E36: SUBO | F36: 160000
C37: đam mê | D37: học tập | E37: vợ | F37: =1034000+149000
B38: 17/5 | C38: be đi làm môi | D38: phí tiện ích | E38: vợ | F38: =28000+27000+32000
C39: canifa (trừ got it) + chăn ga sinh nhật sun | D39: event | E39: Chung | F39: =534000+1790000
C40: be đón subo | D40: phí tiện ích | E40: Chung | F40: 28000
C41: spee ( gà rán) | D41: Ăn uống | E41: Chung | F41: 237000
C42: spee (nấm sấy, sữa chua, sữa, hạt điều) | D42: Ăn uống | E42: Chung | F42: =1131000-234000
C43: spee khung hình | D43: đồ dùng GĐ | E43: SUBO | F43: 234000
C44: xăng | D44: phí tiện ích | E44: vợ | F44: 97000
C45: xem film | D45: vui chơi | E45: Chung | F45: 361000
C46: khám tiểu đường mẹ | D46: event | E46: vợ | F46: 1000000
C47: coop | D47: Ăn uống | E47: Chung | F47: 174000 | T47: =J2+J3+J4
C48: spee | D48: Ăn uống | E48: Chung | F48: 647000
C49: youtube | D49: phí tiện ích | E49: chồng | F49: 88000 | T49: =T47/20
C50: winmart | D50: Ăn uống | E50: Chung | F50: 27000
C51: coop | D51: Ăn uống | E51: Chung | F51: 541000
C52: thuốc | D52: Y tế | E52: Chung | F52: =31000+77000
C53: spee keo ong | D53: Y tế | E53: Chung | F53: 438000
C54: spee | D54: Ăn uống | E54: Chung | F54: 208000
C55: win mart | D55: Ăn uống | E55: Chung | F55: =13000+19000+37000+45000
C56: xăng vk | D56: phí tiện ích | E56: vợ | F56: 92000
C57: xăng ck | D57: phí tiện ích | E57: chồng | F57: 89000
C58: mc donal | D58: Ăn uống | E58: Chung | F58: =49000+109000*2+46000+75000
C59: coop | D59: Ăn uống | E59: Chung | F59: 46000
C60: gỏi cuốn, bánh tráng | D60: Ăn uống | E60: Chung | F60: =120000+220000
C61: dán đt | D61: đồ dùng GĐ | E61: vợ | F61: 200000
C62: abby | D62: Ăn uống | E62: Chung | F62: =298000+80000+75000
C63: 3g | D63: phí tiện ích | E63: vợ | F63: =45000+56000
C64: chôm2 | D64: Ăn uống | E64: Chung | F64: 72000
C65: dừa tươi | D65: Ăn uống | E65: Chung | F65: 80000
C66: học đàn | D66: học tập | E66: SUBO | F66: 3360000
C67: ăn vặt( kem chiên, xôi, sữa đậu nành | D67: vui chơi | E67: Chung | F67: =120000+90000+60000+20000
C68: ăn sáng | D68: Ăn uống | E68: Chung | F68: 150000
C69: tỏi, cần tây | D69: Ăn uống | E69: Chung | F69: 15000
C70: tất sugi | D70: đồ dùng GĐ | E70: SUGI | F70: 56000
C71: coop | D71: Ăn uống | E71: Chung | F71: 394000
C72: kem, bhx, snack | D72: Ăn uống | E72: Chung | F72: =130000+210000+217000
C73: ck mời sếp | D73: Công việc | E73: chồng | F73: 275000
C74: xăng | D74: phí tiện ích | E74: Chung | F74: 105000
C75: emart | D75: Ăn uống | E75: Chung | F75: =22000+536000
C76: be | D76: phí tiện ích | E76: Chung | F76: =41000+55000+60000+47000
C77: kingfood | D77: Ăn uống | E77: Chung | F77: 185000
C78: bhx, coop | D78: Ăn uống | E78: Chung | F78: =302000+2504000+268000
C79: spee | D79: Ăn uống | E79: Chung | F79: =634000+113000+1394000+200000
C80: sửa xe ck | D80: đồ dùng GĐ | E80: chồng | F80: 860000
C81: spee cơm tấm | D81: Ăn uống | E81: Chung | F81: 504000
C82: be buffet | D82: phí tiện ích | E82: Chung | F82: =101000+65000
C83: siêu thị | D83: Ăn uống | E83: Chung | F83: 342000
C84: đồ chơi subo | D84: vui chơi | E84: SUBO | F84: 299000
C85: làm răng sb | D85: Y tế | E85: SUBO | F85: 1000000
C86: há cảo | D86: Ăn uống | E86: Chung | F86: 300000

Sheet T4 - MASTER
B1: 46023
A3: I | B3: THU NHẬP | C3: 1 | D3: =SUM(D4:D7)
A4: 1 | B4: ck | D4: =SUM(E4:H4) | E4: 38900000 | F4: 8000000 | G4: 0 | H4: 0
A5: 2 | B5: vk | D5: =SUM(E5:H5) | E5: 30000000 | F5: 500000 | G5: =750000+2433000 | H5: 0
A6: 3 | B6: Subo | D6: =SUM(E6:H6) | E6: 0 | F6: 0 | G6: 0 | H6: 0
A7: 4 | B7: Sugi | D7: =SUM(E7:H7) | E7: 2000000 | F7: 0 | G7: 0 | H7: 0
A8: II | B8: TIẾT KIỆM | C8: 0.3 | D8: =D3*C8 | I8: CÒN LẠI | K8: =D3-D11
B9: TK thực tế | I9: CP ĐÃ TRỪ NHƯNG CHƯA ĐÓNG | J9: HỌC PHÍ
A10: III | B10: CHI PHÍ | C10: 0.7 | D10: =D3*C10 | J10: ĐIỆN THOẠI
B11: CP Thực tế | D11: =SUM(D12,D16,D18) | K11: =SUM(K8:K10)
A12: 1 | B12: Chi phí chung gia đình | C12: =IFERROR(D12/D11, 0) | D12: =SUM(D13:D15)
A13: a | B13: Chi phí chung | C13: =IFERROR(D13/$D$10, 0) | D13: ='T4 - DETAIL'!I2
A14: b | B14: Chi phí riêng subo | C14: =IFERROR(D14/$D$10, 0) | D14: ='T4 - DETAIL'!I5
A15: c | B15: chi phí riêng sugi | C15: =IFERROR(D15/$D$10, 0) | D15: ='T4 - DETAIL'!I6
A16: 2 | B16: Chi phí riêng ck (30%) | C16: =IFERROR(D16/D11, 0) | D16: ='T4 - DETAIL'!I3
B17: =30%*D10
A18: 3 | B18: Chi phí riêng vk (30%) | C18: =IFERROR(D18/D11, 0) | D18: ='T4 - DETAIL'!I4
B19: =30%*D10

Sheet T4 - DETAIL
H1: Tổng | I1: =SUM(F4:F1016) | J1: ăn uống | K1: vui chơi | L1: công việc | M1: học tập | N1: đồ dùng GĐ | O1: Phí tiện ích | P1: làm đẹp | Q1: y tế | R1: event | S1: nợ
B2: Ngày | C2: nội dung | D2: Hạng mục | E2: Phân loại | F2: Số Tiền | H2: Chung | I2: =SUM(J2:S2) | J2: =SUMIFS($F$4:$F$835 , $D$4:$D$835, "Ăn uống", $E$4:$E$835, "chung") | K2: =SUMIFS($F$4:$F$835 , $D$4:$D$835, "vui chơi", $E$4:$E$835, "chung") | L2: =SUMIFS($F$4:$F$835 , $D$4:$D$835, "Công việc", $E$4:$E$835, "chung") | M2: =SUMIFS($F$4:$F$835 , $D$4:$D$835, "học tập", $E$4:$E$835, "chung") | N2: =SUMIFS($F$4:$F$835 , $D$4:$D$835, "đồ dùng GĐ", $E$4:$E$835, "chung") | O2: =SUMIFS($F$4:$F$835 , $D$4:$D$835, "phí tiện ích", $E$4:$E$835, "chung") | P2: =SUMIFS($F$4:$F$835 , $D$4:$D$835, "Làm đẹp", $E$4:$E$835, "chung") | Q2: =SUMIFS($F$4:$F$835 , $D$4:$D$835, "Y tế", $E$4:$E$835, "chung") | R2: =SUMIFS($F$4:$F$835 , $D$4:$D$835, "event", $E$4:$E$835, "chung") | S2: =SUMIFS($F$4:$F$835 , $D$4:$D$835, "Nợ", $E$4:$E$835, "chung")
B3: 46113 | F3: =SUM(F4:F835) | H3: Chồng | I3: =SUM(J3:S3) | J3: =SUMIFS($F$4:$F$835 , $D$4:$D$835, "Ăn uống", $E$4:$E$835, "chồng") | K3: =SUMIFS($F$4:$F$835 , $D$4:$D$835, "vui chơi", $E$4:$E$835, "chồng") | L3: =SUMIFS($F$4:$F$835 , $D$4:$D$835, "Công việc", $E$4:$E$835, "chồng") | M3: =SUMIFS($F$4:$F$835 , $D$4:$D$835, "học tập", $E$4:$E$835, "chồng") | N3: =SUMIFS($F$4:$F$835 , $D$4:$D$835, "đồ dùng GĐ", $E$4:$E$835, "chồng") | O3: =SUMIFS($F$4:$F$835 , $D$4:$D$835, "phí tiện ích", $E$4:$E$835, "chồng") | P3: =SUMIFS($F$4:$F$835 , $D$4:$D$835, "Làm đẹp", $E$4:$E$835, "chồng") | Q3: =SUMIFS($F$4:$F$835 , $D$4:$D$835, "Y tế", $E$4:$E$835, "chồng") | R3: =SUMIFS($F$4:$F$835 , $D$4:$D$835, "event", $E$4:$E$835, "chồng") | S3: =SUMIFS($F$4:$F$835 , $D$4:$D$835, "Nợ", $E$4:$E$835, "chồng")
C4: nợ ck shinhan | D4: Nợ | E4: chồng | F4: 4500000 | H4: vợ | I4: =SUM(J4:S4) | J4: =SUMIFS($F$4:$F$835 , $D$4:$D$835, "Ăn uống", $E$4:$E$835, "vợ") | K4: =SUMIFS($F$4:$F$835 , $D$4:$D$835, "vui chơi", $E$4:$E$835, "vợ") | L4: =SUMIFS($F$4:$F$835 , $D$4:$D$835, "Công việc", $E$4:$E$835, "vợ") | M4: =SUMIFS($F$4:$F$835 , $D$4:$D$835, "học tập", $E$4:$E$835, "vợ") | N4: =SUMIFS($F$4:$F$835 , $D$4:$D$835, "đồ dùng GĐ", $E$4:$E$835, "vợ") | O4: =SUMIFS($F$4:$F$835 , $D$4:$D$835, "phí tiện ích", $E$4:$E$835, "vợ") | P4: =SUMIFS($F$4:$F$835 , $D$4:$D$835, "Làm đẹp", $E$4:$E$835, "vợ") | Q4: =SUMIFS($F$4:$F$835 , $D$4:$D$835, "Y tế", $E$4:$E$835, "vợ") | R4: =SUMIFS($F$4:$F$835 , $D$4:$D$835, "event", $E$4:$E$835, "vợ") | S4: =SUMIFS($F$4:$F$835 , $D$4:$D$835, "Nợ", $E$4:$E$835, "vợ")
C5: nợ thuế ck | D5: Nợ | E5: chồng | F5: 3000000 | H5: subo | I5: =SUM(J5:S5) | J5: =SUMIFS($F$4:$F$835 , $D$4:$D$835, "Ăn uống", $E$4:$E$835, "SUBO") | K5: =SUMIFS($F$4:$F$835 , $D$4:$D$835, "vui chơi", $E$4:$E$835, "SUBO") | L5: =SUMIFS($F$4:$F$835 , $D$4:$D$835, "Công việc", $E$4:$E$835, "SUBO") | M5: =SUMIFS($F$4:$F$835 , $D$4:$D$835, "học tập", $E$4:$E$835, "SUBO") | N5: =SUMIFS($F$4:$F$835 , $D$4:$D$835, "đồ dùng GĐ", $E$4:$E$835, "SUBO") | O5: =SUMIFS($F$4:$F$835 , $D$4:$D$835, "phí tiện ích", $E$4:$E$835, "SUBO") | P5: =SUMIFS($F$4:$F$835 , $D$4:$D$835, "Làm đẹp", $E$4:$E$835, "SUBO") | Q5: =SUMIFS($F$4:$F$835 , $D$4:$D$835, "Y tế", $E$4:$E$835, "SUBO") | R5: =SUMIFS($F$4:$F$835 , $D$4:$D$835, "event", $E$4:$E$835, "SUBO") | S5: =SUMIFS($F$4:$F$835 , $D$4:$D$835, "Nợ", $E$4:$E$835, "SUBO")
C6: nợ đt vk | D6: Nợ | E6: vợ | F6: 3000000 | H6: sugi | I6: =SUM(J6:S6) | J6: =SUMIFS($F$4:$F$835 , $D$4:$D$835, "Ăn uống", $E$4:$E$835, "SUGI") | K6: =SUMIFS($F$4:$F$835 , $D$4:$D$835, "vui chơi", $E$4:$E$835, "SUGI") | L6: =SUMIFS($F$4:$F$835 , $D$4:$D$835, "Công việc", $E$4:$E$835, "SUGI") | M6: =SUMIFS($F$4:$F$835 , $D$4:$D$835, "học tập", $E$4:$E$835, "SUGI") | N6: =SUMIFS($F$4:$F$835 , $D$4:$D$835, "đồ dùng GĐ", $E$4:$E$835, "SUGI") | O6: =SUMIFS($F$4:$F$835 , $D$4:$D$835, "phí tiện ích", $E$4:$E$835, "SUGI") | P6: =SUMIFS($F$4:$F$835 , $D$4:$D$835, "Làm đẹp", $E$4:$E$835, "SUGI") | Q6: =SUMIFS($F$4:$F$835 , $D$4:$D$835, "Y tế", $E$4:$E$835, "SUGI") | R6: =SUMIFS($F$4:$F$835 , $D$4:$D$835, "event", $E$4:$E$835, "SUGI") | S6: =SUMIFS($F$4:$F$835 , $D$4:$D$835, "Nợ", $E$4:$E$835, "SUGI")
C7: học phí subo | D7: học tập | E7: SUBO | F7: =2500000+9350000 | I7: sum | J7: =SUM(J2:J6) | K7: =SUM(K2:K6) | L7: =SUM(L2:L6) | M7: =SUM(M2:M6) | N7: =SUM(N2:N6) | O7: =SUM(O2:O6) | P7: =SUM(P2:P6) | Q7: =SUM(Q2:Q6) | ... S7: =SUM(S2:S6)
C8: gửi tài liệu ts | D8: phí tiện ích | E8: Chung | F8: 18000 | I8: % | J8: =J7/$I$1 | K8: =K7/$I$1 | L8: =L7/$I$1 | M8: =M7/$I$1 | N8: =N7/$I$1 | O8: =O7/$I$1 | P8: =P7/$I$1 | Q8: =Q7/$I$1 | ... S8: =S7/$I$1
C9: tiền nước cc | D9: phí tiện ích | E9: Chung | F9: 753000
B10: 46115 | C10: khám nhi đồng | D10: Y tế | E10: SUBO | F10: =580000
C11: ếch, gừng, dầu hào | D11: Ăn uống | E11: Chung | F11: =200000+24000+3000 | V11: =J4/14
C12: circle k bánh bao,.. | D12: Ăn uống | E12: Chung | F12: 39000 | G12: vp
B13: 46116 | C13: khám tiểu đường | D13: Y tế | E13: vợ | F13: 250000
C14: thuốc oresol | D14: Y tế | E14: SUBO | F14: 33000 | G14: vp | V14: =J3/14
C15: ministop, bhx, coop, tous les jous | D15: Ăn uống | E15: Chung | F15: =72000+30000+23000+78000
C16: bao rác | D16: đồ dùng GĐ | E16: Chung | F16: 204000
C17: điện thoại vk | D17: phí tiện ích | E17: vợ | F17: 50000
C18: mua cá | D18: vui chơi
C19: học bơi | D19: Y tế | E19: SUBO | F19: 430000
B20: 46117 | C20: gà | D20: Ăn uống | E20: Chung | F20: 270000
C21: cafe + gửi xe đưa con đi thi | D21: Ăn uống | E21: Chung | F21: 80000
C22: nước suối + rau nấm | D22: Ăn uống | E22: Chung | F22: =195000+14000 | G22: vp
C23: quần áo | D23: Làm đẹp | E23: SUBO | F23: 398000 | G23: vp
C24: coop giga | D24: Ăn uống | E24: Chung | F24: =942000+99000 | G24: vp
C25: khẩu trang | D25: đồ dùng GĐ | E25: Chung | F25: 146000
C26: nước chấm cay tê dại | D26: Ăn uống | E26: Chung | F26: 58000
C27: túi trữ sữa | D27: đồ dùng GĐ | E27: SUGI | F27: 167000
C28: sưqx | D28: Ăn uống | E28: Chung | F28: 468000
C29: áo sugi | D29: Làm đẹp | E29: SUGI | F29: 135000
B30: 6/4 | C30: áo tập võ | D30: Làm đẹp | E30: SUBO | F30: 600000
C31: xăng vk. | D31: phí tiện ích | E31: vợ | F31: 105000
C32: chat gpt | D32: Công việc | E32: Chung | F32: =48990000-48399000
B33: 8/4 | C33: vaccine | D33: Y tế | E33: SUGI | F33: 3410000
C34: ck mời nv | D34: Công việc | E34: chồng | F34: 484000
C35: gửi hs ts | D35: Công việc | E35: vợ | F35: 17000
C36: thuốc | D36: Y tế | E36: SUGI | F36: 47000
C37: hạt điều | D37: Ăn uống | E37: Chung | F37: 108000
C38: đh | D38: Làm đẹp | E38: vợ | F38: 306000
C39: thuốc tây | D39: Y tế | E39: Chung | F39: 111000
B40: 10/4 | C40: đồ ăn kingfood | D40: Ăn uống | E40: Chung | F40: 372000
C41: vit D | D41: Y tế | E41: SUGI | F41: 396000
C42: test tđ | D42: Y tế | E42: vợ | F42: 344000
C43: đồ chơi mkd | D43: vui chơi | E43: SUBO | F43: 65000
B44: 11/4 | C44: coop | D44: Ăn uống | E44: Chung | F44: =92000+30000
C45: bò chợ ck mua$ | D45: Ăn uống | E45: Chung | F45: 430000
C46: sách | D46: vui chơi | E46: SUBO | F46: 20000
C47: emart + winmart | D47: Ăn uống | E47: Chung | F47: =50000+55000+383000+32000
C48: tiền điện | D48: phí tiện ích | E48: Chung | F48: 1534000
C49: internet | D49: phí tiện ích | E49: Chung | F49: 220000 | T49: =J2+J3+J4
B50: 13/4 | C50: đám ma vk anh Hạnh | D50: event | E50: vợ | F50: 500000
C51: cưới a. đông | D51: event | E51: vợ | F51: 1000000 | T51: =T49/20
C52: dầu dừa | D52: Làm đẹp | E52: SUGI | F52: 90000
C53: shopee vip | D53: phí tiện ích | E53: Chung | F53: 119000
C54: đưa mẹ mua đồ ăn | D54: Ăn uống | E54: Chung | F54: 5000000
B55: 15/4 | C55: đt vk | D55: phí tiện ích | E55: vợ | F55: 85000
C56: đt ck | D56: phí tiện ích | E56: chồng | F56: 90000
C57: bản sao gks, photo, sao y | D57: phí tiện ích | E57: Chung | F57: =88000+40000+56000
B58: 16/4 | C58: bơ, bún mắm, bánh chuối, dừa, quýt, hoa cúng, bánh snack | D58: Ăn uống | E58: Chung | F58: =102000+195000+40000+72000+100000+196000
C59: test đường | D59: Y tế | E59: chồng | F59: 344000
B60: 19/4 | C60: snack nấm shopee | D60: Ăn uống | E60: Chung | F60: 201000
C61: be đi cưới | D61: event | E61: vợ | F61: =54000+59000
C62: gà dak lak | D62: Ăn uống | E62: Chung | F62: 400000
C63: bún bò, tàu hũ, nước dừa | D63: Ăn uống | E63: Chung | F63: =150000+18000*3+12000*3
C64: đồ tập võ ck | D64: Làm đẹp | E64: chồng | F64: 1450000
C65: hạt điều spee | D65: Ăn uống | E65: Chung | F65: 118000
C66: emart | D66: Ăn uống | E66: Chung | F66: 2127000
C67: youtube | D67: phí tiện ích | E67: chồng | F67: 88000
C68: cơm chay | D68: Ăn uống | E68: Chung | F68: 329000
C69: thẻ xe | D69: đồ dùng GĐ | E69: Chung | F69: 50000
C70: bún,... | D70: Ăn uống | E70: Chung | F70: 40000
B71: 24/4 | C71: sầu riêng | D71: Ăn uống | E71: Chung | F71: 255000
C72: tập võ | D72: Y tế | E72: chồng | F72: 1000000
C73: rau giá | D73: Ăn uống | E73: Chung | F73: =55000
B74: 25/4 | C74: thuốc đau bụng | D74: Y tế | E74: Chung | F74: 46000
C75: spee hạt, kem | D75: Ăn uống | E75: Chung | F75: =559000+405000+289000
C76: nôi, mũ cho sugi | D76: đồ dùng GĐ | E76: SUGI | F76: =435000+64000
C77: spee test tđ | D77: Y tế | E77: Chung | F77: =327000+208000
C78: spee gối thảo dược | D78: Y tế | E78: Chung | F78: 341000
C79: ăn vặt | D79: vui chơi | E79: Chung | F79: 200000
B80: 29/4 | C80: bhx tương ớt,.., winmart | D80: Ăn uống | E80: Chung | F80: =90000+86000
C81: xăng ck | D81: phí tiện ích | E81: chồng | F81: 85000
C82: vũng tàu | D82: vui chơi | E82: Chung | F82: =59000+150000+42000+200000+60000+10000+28000*2
B83: 30/4 | C83: sứa, cơm tấm, emart | D83: Ăn uống | E83: Chung | F83: =210000+147000+190000+479000+238000
C84: xăng vk | D84: phí tiện ích | E84: Chung | F84: 100000
C85: claude | D85: Công việc | E85: chồng | F85: 591000
C86: bánh tráng, tré, ăn vặt win mart | D86: Ăn uống | E86: Chung | F86: =60000+70000+76000
C87: nước võ | D87: Ăn uống | E87: Chung | F87: 70000
C88: cafe + ăn uống | D88: Ăn uống | E88: chồng | F88: =40000+19000+50000+23000+19000+17000
C89: gg ck | D89: phí tiện ích | E89: chồng | F89: 38000
C90: winmart | D90: Ăn uống | E90: Chung | F90: 36000
C91: xe điện | D91: vui chơi | E91: SUBO | F91: 100000

Sheet T3 - MASTER
B1: 46023
A3: I | B3: THU NHẬP | C3: 1 | D3: =SUM(D4:D7)
A4: 1 | B4: ck | D4: =SUM(E4:H4) | E4: 30835000 | F4: 8000000 | G4: 0 | H4: 0
A5: 2 | B5: vk | D5: =SUM(E5:H5) | E5: 2880000 | F5: 200000 | G5: 500000 | H5: 30000000
A6: 3 | B6: Subo | D6: =SUM(E6:H6) | E6: 2000000 | F6: 1000000 | H6: 0
A7: 4 | B7: Sugi | D7: =SUM(E7:H7) | E7: ='mừng sinh sugi'!B1 | F7: 0 | G7: 0 | H7: 0
A8: II | B8: TIẾT KIỆM | C8: 0.3 | D8: =D3*C8 | I8: CÒN LẠI | K8: =D3-D11
B9: TK thực tế | I9: CP ĐÃ TRỪ NHƯNG CHƯA ĐÓNG | J9: HỌC PHÍ
A10: III | B10: CHI PHÍ TARGET | C10: 0.7 | D10: =D3*C10 | J10: ĐIỆN THOẠI
B11: CP Thực tế | D11: =SUM(D12,D16,D18) | K11: =SUM(K8:K10)
A12: 1 | B12: Chi phí chung gia đình | C12: =IFERROR(D12/D11, 0) | D12: =SUM(D13:D15)
A13: a | B13: Chi phí chung | C13: =IFERROR(D13/$D$10, 0) | D13: ='T3 - DETAIL'!I2
A14: b | B14: Chi phí riêng subo | C14: =IFERROR(D14/$D$10, 0) | D14: ='T3 - DETAIL'!I5
A15: c | B15: chi phí riêng sugi | C15: =IFERROR(D15/$D$10, 0) | D15: ='T3 - DETAIL'!I6
A16: 2 | B16: Chi phí riêng ck (30%) | C16: =IFERROR(D16/D11, 0) | D16: ='T3 - DETAIL'!I3
B17: =30%*D10
A18: 3 | B18: Chi phí riêng vk (30%) | C18: =IFERROR(D18/D11, 0) | D18: ='T3 - DETAIL'!I4
B19: =30%*D10

Sheet T3 - DETAIL
H1: Tổng | I1: =SUM(F4:F1024) | J1: ăn uống | K1: vui chơi | L1: công việc | M1: học tập | N1: đồ dùng GĐ | O1: Phí tiện ích | P1: làm đẹp | Q1: y tế | R1: event | S1: nợ
B2: Ngày | C2: nội dung | D2: Hạng mục | E2: Phân loại | F2: Số Tiền | H2: Chung | I2: =SUM(J2:S2) | J2: =SUMIFS($F$4:$F$843 , $D$4:$D$843, "Ăn uống", $E$4:$E$843, "chung") | K2: =SUMIFS($F$4:$F$843 , $D$4:$D$843, "vui chơi", $E$4:$E$843, "chung") | L2: =SUMIFS($F$4:$F$843 , $D$4:$D$843, "Công việc", $E$4:$E$843, "chung") | M2: =SUMIFS($F$4:$F$843 , $D$4:$D$843, "học tập", $E$4:$E$843, "chung") | N2: =SUMIFS($F$4:$F$843 , $D$4:$D$843, "đồ dùng GĐ", $E$4:$E$843, "chung") | O2: =SUMIFS($F$4:$F$843 , $D$4:$D$843, "phí tiện ích", $E$4:$E$843, "chung") | P2: =SUMIFS($F$4:$F$843 , $D$4:$D$843, "Làm đẹp", $E$4:$E$843, "chung") | Q2: =SUMIFS($F$4:$F$843 , $D$4:$D$843, "Y tế", $E$4:$E$843, "chung") | R2: =SUMIFS($F$4:$F$843 , $D$4:$D$843, "event", $E$4:$E$843, "chung") | S2: =SUMIFS($F$4:$F$843 , $D$4:$D$843, "Nợ", $E$4:$E$843, "chung")
B3: 46082 | F3: =SUM(F4:F843) | H3: Chồng | I3: =SUM(J3:S3) | J3: =SUMIFS($F$4:$F$843 , $D$4:$D$843, "Ăn uống", $E$4:$E$843, "chồng") | K3: =SUMIFS($F$4:$F$843 , $D$4:$D$843, "vui chơi", $E$4:$E$843, "chồng") | L3: =SUMIFS($F$4:$F$843 , $D$4:$D$843, "Công việc", $E$4:$E$843, "chồng") | M3: =SUMIFS($F$4:$F$843 , $D$4:$D$843, "học tập", $E$4:$E$843, "chồng") | N3: =SUMIFS($F$4:$F$843 , $D$4:$D$843, "đồ dùng GĐ", $E$4:$E$843, "chồng") | O3: =SUMIFS($F$4:$F$843 , $D$4:$D$843, "phí tiện ích", $E$4:$E$843, "chồng") | P3: =SUMIFS($F$4:$F$843 , $D$4:$D$843, "Làm đẹp", $E$4:$E$843, "chồng") | Q3: =SUMIFS($F$4:$F$843 , $D$4:$D$843, "Y tế", $E$4:$E$843, "chồng") | R3: =SUMIFS($F$4:$F$843 , $D$4:$D$843, "event", $E$4:$E$843, "chồng") | S3: =SUMIFS($F$4:$F$843 , $D$4:$D$843, "Nợ", $E$4:$E$843, "chồng")
C4: nợ ck | D4: Nợ | E4: chồng | F4: 3000000 | H4: vợ | I4: =SUM(J4:S4) | J4: =SUMIFS($F$4:$F$843 , $D$4:$D$843, "Ăn uống", $E$4:$E$843, "vợ") | K4: =SUMIFS($F$4:$F$843 , $D$4:$D$843, "vui chơi", $E$4:$E$843, "vợ") | L4: =SUMIFS($F$4:$F$843 , $D$4:$D$843, "Công việc", $E$4:$E$843, "vợ") | M4: =SUMIFS($F$4:$F$843 , $D$4:$D$843, "học tập", $E$4:$E$843, "vợ") | N4: =SUMIFS($F$4:$F$843 , $D$4:$D$843, "đồ dùng GĐ", $E$4:$E$843, "vợ") | O4: =SUMIFS($F$4:$F$843 , $D$4:$D$843, "phí tiện ích", $E$4:$E$843, "vợ") | P4: =SUMIFS($F$4:$F$843 , $D$4:$D$843, "Làm đẹp", $E$4:$E$843, "vợ") | Q4: =SUMIFS($F$4:$F$843 , $D$4:$D$843, "Y tế", $E$4:$E$843, "vợ") | R4: =SUMIFS($F$4:$F$843 , $D$4:$D$843, "event", $E$4:$E$843, "vợ") | S4: =SUMIFS($F$4:$F$843 , $D$4:$D$843, "Nợ", $E$4:$E$843, "vợ")
C5: nợ đt vk | D5: Nợ | E5: vợ | F5: 3000000 | H5: subo | I5: =SUM(J5:S5) | J5: =SUMIFS($F$4:$F$843 , $D$4:$D$843, "Ăn uống", $E$4:$E$843, "SUBO") | K5: =SUMIFS($F$4:$F$843 , $D$4:$D$843, "vui chơi", $E$4:$E$843, "SUBO") | L5: =SUMIFS($F$4:$F$843 , $D$4:$D$843, "Công việc", $E$4:$E$843, "SUBO") | M5: =SUMIFS($F$4:$F$843 , $D$4:$D$843, "học tập", $E$4:$E$843, "SUBO") | N5: =SUMIFS($F$4:$F$843 , $D$4:$D$843, "đồ dùng GĐ", $E$4:$E$843, "SUBO") | O5: =SUMIFS($F$4:$F$843 , $D$4:$D$843, "phí tiện ích", $E$4:$E$843, "SUBO") | P5: =SUMIFS($F$4:$F$843 , $D$4:$D$843, "Làm đẹp", $E$4:$E$843, "SUBO") | Q5: =SUMIFS($F$4:$F$843 , $D$4:$D$843, "Y tế", $E$4:$E$843, "SUBO") | R5: =SUMIFS($F$4:$F$843 , $D$4:$D$843, "event", $E$4:$E$843, "SUBO") | S5: =SUMIFS($F$4:$F$843 , $D$4:$D$843, "Nợ", $E$4:$E$843, "SUBO")
C6: nợ shinhan | D6: Nợ | E6: chồng | F6: =2250000*2 | H6: sugi | I6: =SUM(J6:S6) | J6: =SUMIFS($F$4:$F$843 , $D$4:$D$843, "Ăn uống", $E$4:$E$843, "SUGI") | K6: =SUMIFS($F$4:$F$843 , $D$4:$D$843, "vui chơi", $E$4:$E$843, "SUGI") | L6: =SUMIFS($F$4:$F$843 , $D$4:$D$843, "Công việc", $E$4:$E$843, "SUGI") | M6: =SUMIFS($F$4:$F$843 , $D$4:$D$843, "học tập", $E$4:$E$843, "SUGI") | N6: =SUMIFS($F$4:$F$843 , $D$4:$D$843, "đồ dùng GĐ", $E$4:$E$843, "SUGI") | O6: =SUMIFS($F$4:$F$843 , $D$4:$D$843, "phí tiện ích", $E$4:$E$843, "SUGI") | P6: =SUMIFS($F$4:$F$843 , $D$4:$D$843, "Làm đẹp", $E$4:$E$843, "SUGI") | Q6: =SUMIFS($F$4:$F$843 , $D$4:$D$843, "Y tế", $E$4:$E$843, "SUGI") | R6: =SUMIFS($F$4:$F$843 , $D$4:$D$843, "event", $E$4:$E$843, "SUGI") | S6: =SUMIFS($F$4:$F$843 , $D$4:$D$843, "Nợ", $E$4:$E$843, "SUGI")
C7: học phí subo | D7: học tập | E7: SUBO | F7: 9350000 | I7: sum | J7: =SUM(J2:J6) | K7: =SUM(K2:K6) | L7: =SUM(L2:L6) | M7: =SUM(M2:M6) | N7: =SUM(N2:N6) | O7: =SUM(O2:O6) | P7: =SUM(P2:P6) | Q7: =SUM(Q2:Q6) | ... S7: =SUM(S2:S6)
C8: học phí subo | D8: học tập | E8: SUBO | F8: 2000000 | I8: % | J8: =J7/$I$1 | K8: =K7/$I$1 | L8: =L7/$I$1 | M8: =M7/$I$1 | N8: =N7/$I$1 | O8: =O7/$I$1 | P8: =P7/$I$1 | Q8: =Q7/$I$1 | ... S8: =S7/$I$1
C9: vui chơi tini | D9: vui chơi | E9: SUBO | F9: 100000 | G9: vp
C10: thiso | D10: Ăn uống | E10: Chung | F10: =66000+1232000 | G10: vp
C11: bông nước nhỏ mắt | D11: Y tế | E11: Chung | F11: 58000 | G11: vp | V11: =J4/14
B12: 46083 | C12: đón bo | D12: phí tiện ích | E12: SUBO | F12: =25000 | G12: vp
C13: coop, bhx | D13: Ăn uống | E13: Chung | F13: =310000+66000 | G13: vp | V13: =J3/14
B14: 46084 | C14: lego | D14: vui chơi | E14: SUBO | F14: 1153000 | G14: vp
C15: spee | D15: đồ dùng GĐ | E15: Chung | F15: 261000 | G15: vp
C16: winmart | D16: Ăn uống | E16: Chung | F16: 61000 | G16: vp
C17: spee | D17: đồ dùng GĐ | E17: Chung | F17: 103000 | G17: vp
C18: thịt lợn nướng sugi | D18: Ăn uống | E18: Chung | F18: 450000
C19: winmart | D19: Ăn uống | E19: Chung | F19: 5600
B20: 46085 | C20: spee bột nấu chè | D20: Ăn uống | E20: Chung | F20: 78000
C21: Xăng | D21: phí tiện ích | E21: chồng | F21: 68000
B22: 46086 | C22: đón bo. | D22: phí tiện ích | E22: SUBO | F22: =23000 | G22: vp
B23: 46087 | C23: trang trí sn bo.. | D23: event | E23: SUBO | F23: 180000 | G23: vp
C24: sách tô màu sn bo | D24: event | E24: SUBO | F24: 191000 | G24: vp
C25: mekong | D25: Y tế | E25: Chung | F25: 550000 | G25: vp
C26: bút màu sn bo | D26: event | E26: SUBO | F26: 128000 | G26: vp
C27: 8/3 các cô | D27: event | E27: SUBO | F27: 1500000
B28: 7/3 | C28: chat gpt. | D28: Công việc | E28: Chung | F28: =14803000-14219000 | G28: vp
C29: test tđ | D29: Y tế | E29: Chung | F29: 52000 | G29: vp
C30: coop food | D30: Ăn uống | E30: Chung | F30: 62000 | G30: vp
C31: đi hội đồng hương | D31: phí tiện ích | E31: Chung | F31: =86000+138000 | G31: vp
B32: 8/3 | C32: vịt quay | D32: Ăn uống | E32: Chung | F32: 585000 | G32: vp
C33: kem | D33: Ăn uống | E33: Chung | F33: 95000 | G33: vp
C34: coop | D34: Ăn uống | E34: Chung | F34: =946000+446000+43000 | G34: vp
C35: hoa | D35: event | E35: Chung | F35: 700000
C36: winmart | D36: Ăn uống | E36: Chung | F36: 43000 | G36: vp
B37: 9/3 | C37: quà sinh nhật subo | D37: event | E37: SUBO | F37: 179000 | G37: vp
C38: grab đưa đón sb. | D38: phí tiện ích | E38: SUBO | F38: 37000 | G38: vp
C39: Sửa xe | D39: phí tiện ích | E39: chồng | F39: 550000
B40: 10/3 | C40: winmart | D40: Ăn uống | E40: Chung | F40: 135000 | G40: vp
C41: grab đưa đón subo | D41: phí tiện ích | E41: SUBO | F41: =17000
C42: tiền điện | D42: phí tiện ích | E42: Chung | F42: 1414000
C43: mạng | D43: phí tiện ích | E43: Chung | F43: 220000
B44: 11/3 | C44: Điện thoại | D44: phí tiện ích | E44: chồng | F44: 10000
B45: 12/3 | C45: ck đưa nhân viên đi ăn | D45: Công việc | E45: chồng | F45: 756000 | G45: vp
C46: tiệc đầy tháng( gà, đồ cúng, heo quay, hoa,..) | D46: event | E46: SUGI | F46: =350000+450000+110000
C47: đưa mẹ | D47: Ăn uống | E47: Chung | F47: 5000000
B48: 13/3 | C48: bánh sn subo. | D48: event | E48: SUBO | F48: =270000+335000
C49: xe điện | D49: vui chơi | E49: SUBO | F49: 75000
C50: sách, giấy gói quà | D50: event | E50: SUBO | F50: 23000 | G50: vp
C51: nước cam vắt | D51: Ăn uống | E51: Chung | F51: 17000
C52: công chứng, phô tô | D52: Công việc | E52: Chung | F52: =15000+45000
C53: bắp, ruốc, bơ | D53: Ăn uống | E53: Chung | F53: =25000+20000
B54: 14/3 | C54: ăn sáng (nui cơm tấm | D54: Ăn uống | E54: Chung | F54: 70000
C55: winmart | D55: Ăn uống | E55: Chung | F55: =23000+43000 | G55: vp
C56: bhx | D56: Ăn uống | E56: Chung | F56: =133000+11000 | G56: vp | T56: =J2+J3+J4
C57: spee nước xả | D57: đồ dùng GĐ | E57: Chung | F57: 739000 | G57: vp
C58: spee quạt | D58: đồ dùng GĐ | E58: Chung | F58: 772000 | G58: vp | T58: =T56/20
C59: spee gel pk | D59: Y tế | E59: Chung | F59: 321000 | G59: vp
C60: spee bỉm | D60: đồ dùng GĐ | E60: SUGI | F60: 815000 | G60: vp
C61: spee (q.áo vk ck mua | D61: Làm đẹp | E61: vợ | F61: 209000 | G61: vp
C62: spee kem bôi chàm | D62: đồ dùng GĐ | E62: SUGI | F62: 172000 | G62: vp
C63: winmart giấy | D63: đồ dùng GĐ | E63: Chung | F63: =32000 | G63: vp
C64: winmart đu đủ | D64: Ăn uống | E64: Chung | F64: 18000 | G64: vp
C65: thuốc pharma | D65: Y tế | E65: Chung | F65: 45000 | G65: vp
C66: spee khăn ướt | D66: đồ dùng GĐ | E66: SUGI | F66: 723000 | G66: vp
C67: spee | D67: Làm đẹp | E67: vợ | F67: 308000 | G67: vp
C68: spee nhiệt kế | D68: Y tế | E68: Chung | F68: 702000 | G68: vp
C69: spee đũa cho sb | D69: đồ dùng GĐ | E69: SUBO | F69: 78000 | G69: vp
C70: spee túi trữ sữa, rơ lưỡi | D70: đồ dùng GĐ | E70: SUGI | F70: 129000 | G70: vp
C71: spee sữa | D71: Ăn uống | E71: Chung | F71: 477000 | G71: vp
C72: spee thâm nách | D72: Làm đẹp | E72: vợ | F72: 706000 | G72: vp
C73: spee kđr | D73: đồ dùng GĐ | E73: Chung | F73: 111000 | G73: vp
C74: spee nước lau bếp | D74: đồ dùng GĐ | E74: Chung | F74: 55000 | G74: vp
B75: 16/3 | C75: ck đi ăn với heaf | D75: Công việc | E75: chồng | F75: 131000
C76: nạp đt | D76: phí tiện ích | E76: chồng | F76: 90000
C77: vú sữa | D77: Ăn uống | E77: Chung | F77: 350000
C78: cafe+ăn | D78: Ăn uống | E78: chồng | F78: =19000+23000+23000+19000+19000+19000+19000+19000+25000+19000
C79: xanh đón bo | D79: phí tiện ích | E79: SUBO | F79: 25000 | G79: vp
B80: 17/3 | C80: bỉm con cưng | D80: đồ dùng GĐ | E80: SUGI | F80: 70000 | G80: vp
C81: youtube | D81: phí tiện ích | E81: chồng | F81: 88000 | G81: vp
B82: 19/3 | C82: khám sức khỏe mekong, tiền thuốc | D82: Y tế | E82: Chung | F82: =550000+457000+4000 | G82: vp
C83: men tiêu hóa | D83: Y tế | E83: SUGI | F83: 50000 | G83: vp
C84: túi xách ck | D84: đồ dùng GĐ | E84: chồng | F84: 120000
C85: ăn vặt ( bánh đúc, bánh tiêu, trà chanh) | D85: Ăn uống | E85: Chung | F85: =64000+24000+14000
C86: phí dã ngoại | D86: học tập | E86: SUBO | F86: 280000
B87: 21/3 | C87: snack, bhx, sữa chua | D87: Ăn uống | E87: Chung | F87: =13000+284000+37000+52000 | G87: vp
C88: kem dừa | D88: Ăn uống | E88: Chung | F88: 70000
C89: trái cây dâu, nho,... | D89: Ăn uống | E89: Chung | F89: 810000
C90: nồi bear | D90: đồ dùng GĐ | E90: Chung | F90: 1352000 | G90: vp
C91: đồ ăn emart, king food | D91: Ăn uống | E91: Chung | F91: =103000+2235000+16000+45000 | G91: vp
C92: túi xách vk | D92: đồ dùng GĐ | E92: vợ | F92: 190000
C93: học võ | D93: học tập | E93: chồng | F93: 1000000
B94: 22/3 | C94: co op, quần áo cho ck | D94: Làm đẹp | E94: chồng | F94: 750000 | G94: vp
C95: bản chải ddr cho subo | D95: đồ dùng GĐ | E95: SUBO | F95: 59000 | G95: vp
C96: giấy, nước rửa tay | D96: đồ dùng GĐ | E96: Chung | F96: =778000+158000-F94-F95
C97: spee bình sữa | D97: đồ dùng GĐ | E97: SUGI | F97: 176000 | G97: vp
B98: 23/3 | C98: đổ xăng | D98: phí tiện ích | E98: chồng | F98: 100000 | G98: vp
C99: học cc môi giới | D99: học tập | E99: chồng | F99: 13100000
B100: 25/3 | C100: bánh chưng, chè,.. | D100: Ăn uống | E100: Chung | F100: 130000
...

Sheet T2 - MASTER
B1: 46023
A3: I | B3: THU NHẬP | C3: 1 | D3: =SUM(D4:D7)
A4: 1 | B4: ck | D4: =SUM(E4:H4) | E4: 40076000 | F4: 119150000 | G4: 8000000 | H4: =500000+200000
A5: 2 | B5: vk | D5: =SUM(E5:H5) | E5: 32900000 | F5: 30000000 | G5: 700000 | H5: =700000
A6: 3 | B6: Subo | D6: =SUM(E6:H6) | E6: 0 | F6: 0 | G6: 0 | H6: 0
A7: 4 | B7: Sugi | D7: =SUM(E7:H7) | F7: 0 | G7: 0 | H7: 0
A8: II | B8: TIẾT KIỆM | C8: 0.3 | D8: =D3*C8 | I8: CÒN LẠI | K8: =D3-D11
B9: TK thực tế | I9: CP ĐÃ TRỪ NHƯNG CHƯA ĐÓNG | J9: HỌC PHÍ
A10: III | B10: CHI PHÍ | C10: 0.7 | D10: =D3*C10 | J10: ĐIỆN THOẠI
B11: CP Thực tế | D11: =SUM(D12,D16,D18) | K11: =SUM(K8:K10)
A12: 1 | B12: Chi phí chung gia đình | C12: =IFERROR(D12/D11, 0) | D12: =SUM(D13:D15)
A13: a | B13: Chi phí chung | C13: =IFERROR(D13/$D$10, 0) | D13: ='T2 - DETAIL'!I2
A14: b | B14: Chi phí riêng subo | C14: =IFERROR(D14/$D$10, 0) | D14: ='T2 - DETAIL'!I5
A15: c | B15: chi phí riêng sugi | C15: =IFERROR(D15/$D$10, 0) | D15: ='T2 - DETAIL'!I6
A16: 2 | B16: Chi phí riêng ck (30%) | C16: =IFERROR(D16/D11, 0) | D16: ='T2 - DETAIL'!I3
B17: =30%*D10
A18: 3 | B18: Chi phí riêng vk (30%) | C18: =IFERROR(D18/D11, 0) | D18: ='T2 - DETAIL'!I4
B19: =30%*D10

Sheet T2 - DETAIL
H1: Tổng | I1: =SUM(F4:F1023) | J1: ăn uống | K1: vui chơi | L1: công việc | M1: học tập | N1: đồ dùng GĐ | O1: Phí tiện ích | P1: làm đẹp | Q1: y tế | R1: event | S1: nợ
B2: Ngày | C2: nội dung | D2: Hạng mục | E2: Phân loại | F2: Số Tiền | H2: Chung | I2: =SUM(J2:S2) | J2: =SUMIFS($F$4:$F$842 , $D$4:$D$842, "Ăn uống", $E$4:$E$842, "chung") | K2: =SUMIFS($F$4:$F$842 , $D$4:$D$842, "vui chơi", $E$4:$E$842, "chung") | L2: =SUMIFS($F$4:$F$842 , $D$4:$D$842, "Công việc", $E$4:$E$842, "chung") | M2: =SUMIFS($F$4:$F$842 , $D$4:$D$842, "học tập", $E$4:$E$842, "chung") | N2: =SUMIFS($F$4:$F$842 , $D$4:$D$842, "đồ dùng GĐ", $E$4:$E$842, "chung") | O2: =SUMIFS($F$4:$F$842 , $D$4:$D$842, "phí tiện ích", $E$4:$E$842, "chung") | P2: =SUMIFS($F$4:$F$842 , $D$4:$D$842, "Làm đẹp", $E$4:$E$842, "chung") | Q2: =SUMIFS($F$4:$F$842 , $D$4:$D$842, "Y tế", $E$4:$E$842, "chung") | R2: =SUMIFS($F$4:$F$842 , $D$4:$D$842, "event", $E$4:$E$842, "chung") | S2: =SUMIFS($F$4:$F$842 , $D$4:$D$842, "Nợ", $E$4:$E$842, "chung")
B3: 46054 | F3: =SUM(F4:F842) | H3: Chồng | I3: =SUM(J3:S3) | J3: =SUMIFS($F$4:$F$842 , $D$4:$D$842, "Ăn uống", $E$4:$E$842, "chồng") | K3: =SUMIFS($F$4:$F$842 , $D$4:$D$842, "vui chơi", $E$4:$E$842, "chồng") | L3: =SUMIFS($F$4:$F$842 , $D$4:$D$842, "Công việc", $E$4:$E$842, "chồng") | M3: =SUMIFS($F$4:$F$842 , $D$4:$D$842, "học tập", $E$4:$E$842, "chồng") | N3: =SUMIFS($F$4:$F$842 , $D$4:$D$842, "đồ dùng GĐ", $E$4:$E$842, "chồng") | O3: =SUMIFS($F$4:$F$842 , $D$4:$D$842, "phí tiện ích", $E$4:$E$842, "chồng") | P3: =SUMIFS($F$4:$F$842 , $D$4:$D$842, "Làm đẹp", $E$4:$E$842, "chồng") | Q3: =SUMIFS($F$4:$F$842 , $D$4:$D$842, "Y tế", $E$4:$E$842, "chồng") | R3: =SUMIFS($F$4:$F$842 , $D$4:$D$842, "event", $E$4:$E$842, "chồng") | S3: =SUMIFS($F$4:$F$842 , $D$4:$D$842, "Nợ", $E$4:$E$842, "chồng")
C4: hikid | D4: Ăn uống | E4: SUBO | F4: 38000 | G4: vp | H4: vợ | I4: =SUM(J4:S4) | J4: =SUMIFS($F$4:$F$842 , $D$4:$D$842, "Ăn uống", $E$4:$E$842, "vợ") | K4: =SUMIFS($F$4:$F$842 , $D$4:$D$842, "vui chơi", $E$4:$E$842, "vợ") | L4: =SUMIFS($F$4:$F$842 , $D$4:$D$842, "Công việc", $E$4:$E$842, "vợ") | M4: =SUMIFS($F$4:$F$842 , $D$4:$D$842, "học tập", $E$4:$E$842, "vợ") | N4: =SUMIFS($F$4:$F$842 , $D$4:$D$842, "đồ dùng GĐ", $E$4:$E$842, "vợ") | O4: =SUMIFS($F$4:$F$842 , $D$4:$D$842, "phí tiện ích", $E$4:$E$842, "vợ") | P4: =SUMIFS($F$4:$F$842 , $D$4:$D$842, "Làm đẹp", $E$4:$E$842, "vợ") | Q4: =SUMIFS($F$4:$F$842 , $D$4:$D$842, "Y tế", $E$4:$E$842, "vợ") | R4: =SUMIFS($F$4:$F$842 , $D$4:$D$842, "event", $E$4:$E$842, "vợ") | S4: =SUMIFS($F$4:$F$842 , $D$4:$D$842, "Nợ", $E$4:$E$842, "vợ")
C5: bhx | D5: Ăn uống | E5: Chung | F5: 193000 | G5: vp | H5: subo | I5: =SUM(J5:S5) | J5: =SUMIFS($F$4:$F$842 , $D$4:$D$842, "Ăn uống", $E$4:$E$842, "SUBO") | K5: =SUMIFS($F$4:$F$842 , $D$4:$D$842, "vui chơi", $E$4:$E$842, "SUBO") | L5: =SUMIFS($F$4:$F$842 , $D$4:$D$842, "Công việc", $E$4:$E$842, "SUBO") | M5: =SUMIFS($F$4:$F$842 , $D$4:$D$842, "học tập", $E$4:$E$842, "SUBO") | N5: =SUMIFS($F$4:$F$842 , $D$4:$D$842, "đồ dùng GĐ", $E$4:$E$842, "SUBO") | O5: =SUMIFS($F$4:$F$842 , $D$4:$D$842, "phí tiện ích", $E$4:$E$842, "SUBO") | P5: =SUMIFS($F$4:$F$842 , $D$4:$D$842, "Làm đẹp", $E$4:$E$842, "SUBO") | Q5: =SUMIFS($F$4:$F$842 , $D$4:$D$842, "Y tế", $E$4:$E$842, "SUBO") | R5: =SUMIFS($F$4:$F$842 , $D$4:$D$842, "event", $E$4:$E$842, "SUBO") | S5: =SUMIFS($F$4:$F$842 , $D$4:$D$842, "Nợ", $E$4:$E$842, "SUBO")
C6: king food | D6: Ăn uống | E6: Chung | F6: 266000 | G6: vp | H6: sugi | I6: =SUM(J6:S6) | J6: =SUMIFS($F$4:$F$842 , $D$4:$D$842, "Ăn uống", $E$4:$E$842, "SUGI") | K6: =SUMIFS($F$4:$F$842 , $D$4:$D$842, "vui chơi", $E$4:$E$842, "SUGI") | L6: =SUMIFS($F$4:$F$842 , $D$4:$D$842, "Công việc", $E$4:$E$842, "SUGI") | M6: =SUMIFS($F$4:$F$842 , $D$4:$D$842, "học tập", $E$4:$E$842, "SUGI") | N6: =SUMIFS($F$4:$F$842 , $D$4:$D$842, "đồ dùng GĐ", $E$4:$E$842, "SUGI") | O6: =SUMIFS($F$4:$F$842 , $D$4:$D$842, "phí tiện ích", $E$4:$E$842, "SUGI") | P6: =SUMIFS($F$4:$F$842 , $D$4:$D$842, "Làm đẹp", $E$4:$E$842, "SUGI") | Q6: =SUMIFS($F$4:$F$842 , $D$4:$D$842, "Y tế", $E$4:$E$842, "SUGI") | R6: =SUMIFS($F$4:$F$842 , $D$4:$D$842, "event", $E$4:$E$842, "SUGI") | S6: =SUMIFS($F$4:$F$842 , $D$4:$D$842, "Nợ", $E$4:$E$842, "SUGI")
C7: bo sun đi chơi | D7: vui chơi | E7: SUBO | F7: 220000 | I7: sum | J7: =SUM(J2:J6) | K7: =SUM(K2:K6) | L7: =SUM(L2:L6) | M7: =SUM(M2:M6) | N7: =SUM(N2:N6) | O7: =SUM(O2:O6) | P7: =SUM(P2:P6) | Q7: =SUM(Q2:Q6) | ... S7: =SUM(S2:S6)
C8: sữa thanh | D8: Ăn uống | E8: SUGI | F8: 100000 | G8: vp | I8: % | J8: =J7/$I$1 | K8: =K7/$I$1 | L8: =L7/$I$1 | M8: =M7/$I$1 | N8: =N7/$I$1 | O8: =O7/$I$1 | P8: =P7/$I$1 | Q8: =Q7/$I$1 | ... S8: =S7/$I$1
B9: 46055 | C9: spee túi trữ sữa | D9: đồ dùng GĐ | E9: SUGI | F9: 112000 | G9: vp
C10: spee drap | D10: đồ dùng GĐ | E10: Chung | F10: 272000 | G10: vp
C11: spee bàn chải dr | D11: đồ dùng GĐ | E11: Chung | F11: 35000 | G11: vp | V11: =J4/14
C12: spee quần áo sb | D12: Làm đẹp | E12: SUBO | F12: 297000 | G12: vp
C13: spee quần áo sb | D13: Làm đẹp | E13: SUBO | F13: 463000 | G13: vp | V13: =J3/14
C14: spee quần áo sb | D14: Làm đẹp | E14: SUBO | F14: 718000 | G14: vp
C15: spee dầu gội | D15: đồ dùng GĐ | E15: Chung | F15: 531000 | G15: vp
C16: spee vim | D16: đồ dùng GĐ | E16: Chung | F16: 199000 | G16: vp
C17: spee vinamilk | D17: Ăn uống | E17: Chung | F17: 471000 | G17: vp
C18: spee băng đô | D18: Làm đẹp | E18: SUGI | F18: 121000 | G18: vp
C19: spee túi trữ sữa | D19: đồ dùng GĐ | E19: SUGI | F19: 156000 | G19: vp
C20: be | D20: phí tiện ích | E20: vợ | F20: 53000 | G20: vp
C21: gội đầu | D21: Làm đẹp | E21: vợ | F21: 200000
C22: vú sữa + đậu hũ | D22: Ăn uống | E22: Chung | F22: 72000
B23: 46056 | C23: nồi | D23: đồ dùng GĐ | E23: Chung | F23: 229000 | G23: vp
C24: xăng | D24: phí tiện ích | E24: vợ | F24: 77000 | G24: vp
C25: bệnh viện | D25: Y tế | E25: Chung | G25: vp
B26: 4/2 | C26: coop mart | D26: Ăn uống | E26: Chung | F26: =136000+513000 | G26: vp | H26: =SUM(F4,F5,F6,F8,F9:F20,F23:F37)
B27: 5/2 | C27: coop, winmart | D27: Ăn uống | E27: Chung | F27: =77000+168000 | G27: vp
C28: chat gpt | D28: Công việc | E28: Chung | F28: 579000 | G28: vp
C29: circle k | D29: Ăn uống | E29: Chung | F29: 84000 | G29: vp
C30: bhx | D30: Ăn uống | E30: Chung | F30: 22000 | G30: vp
C31: grab | D31: phí tiện ích | E31: SUBO | F31: 28000 | G31: vp
B32: 8/2 | C32: thuốc | D32: Y tế | E32: Chung | F32: 690000 | G32: vp
C33: tiniword | D33: vui chơi | E33: SUBO | F33: 162000
C34: pizza, nước | D34: Ăn uống | E34: Chung | F34: =510000+13000 | G34: vp
B35: 9/2 | C35: máy sưởi | D35: đồ dùng GĐ | E35: Chung | F35: 831000 | G35: vp
C36: chậu tắm | D36: đồ dùng GĐ | E36: SUGI | F36: 198000 | G36: vp
C37: be | D37: phí tiện ích | E37: SUBO | F37: 20000 | G37: vp-done
C38: biếu bố mẹ ck | D38: event | E38: Chung | F38: 5000000
C39: nợ ck | D39: Nợ | E39: chồng | F39: 2250000
C40: đi sinh | D40: Y tế | E40: Chung | F40: =8000000+1358000-5619000
C41: phí qlcv | D41: phí tiện ích | E41: Chung | F41: 850000
C42: học phí subo | D42: học tập | E42: SUBO | F42: 9350000
C43: điện thoại | D43: Nợ | E43: vợ | F43: 3000000
C44: Xăng | D44: phí tiện ích | E44: chồng | F44: 70000
C45: nợ ck thuế | D45: Nợ | E45: chồng | F45: 3000000
B46: 10/2 | C46: điện | D46: phí tiện ích | E46: Chung | F46: 615000
C47: internet | D47: phí tiện ích | E47: Chung | F47: 220000
C48: khám cho sugi | D48: Y tế | E48: SUGI | F48: =150000+45000
C49: Sửa xe (bể bánh) | D49: phí tiện ích | E49: chồng | F49: 500000
C50: ăn trưa bv | D50: Ăn uống | E50: Chung | F50: =67000+10000
B51: 11/2 | C51: điện thoại | D51: phí tiện ích | E51: vợ | F51: 90000 | T51: =J2+J3+J4
C52: spee sữa cho subo | D52: Ăn uống | E52: Chung | F52: 572000 | G52: vp | H52: =F52+F53+F54+F55+F56
C53: be 2 chiều | D53: phí tiện ích | E53: SUBO | F53: 45000 | G53: vp | T53: =T51/20
C54: winmart | D54: đồ dùng GĐ | E54: Chung | F54: 80000 | G54: vp
C55: be 2 chiều | D55: phí tiện ích | E55: SUBO | F55: 63000 | G55: vp
C56: yến | D56: Ăn uống | E56: Chung | F56: 2320000 | G56: vp-done
C57: cắt chỉ | D57: Y tế | E57: Chung | F57: 150000
C58: tiền ăn mẹ đi chợ | D58: Ăn uống | E58: Chung | F58: 5000000
B59: 12/2 | C59: khám TA, từ dũ | D59: Y tế | E59: SUGI | F59: =320000+150000 | G59: vp
B60: 13/2 | C60: kẹo tết | D60: Ăn uống | E60: Chung | F60: =1115000
C61: học phí s7bo | D61: học tập | E61: SUBO | F61: 2980000
C62: ăn uống ở viện | D62: Ăn uống | E62: Chung | F62: 521000
C63: bông băng | D63: Y tế | E63: Chung | F63: 23000
C64: winmart,bhx,.. | D64: Ăn uống | E64: Chung | F64: =441000+106000 | G64: vp | H64: =F59+F64+F65+F66+F71+F72+F73
C65: thuốc nhỏ mắt | D65: Y tế | E65: Chung | F65: 35000 | G65: vp
C66: be 2 chiều | D66: phí tiện ích | E66: SUBO | F66: 50000 | G66: vp
C67: Xăng | D67: phí tiện ích | E67: chồng | F67: 70000
C68: winmart | D68: Ăn uống | E68: Chung | F68: 19800
C69: đào biếu bố mẹ | D69: event | E69: Chung | F69: 2000000
B70: 14/2 | C70: khám sugi | D70: Y tế | E70: SUGI | F70: =150000+45000
C71: be | D71: phí tiện ích | E71: SUGI | F71: =79000+58000 | G71: vp
C72: gói be | D72: phí tiện ích | E72: Chung | F72: 19000 | G72: vp
C73: nui | D73: Ăn uống | E73: Chung | F73: 21000 | G73: vp-done
C74: thuốc sugi | D74: Y tế | E74: SUGI | F74: 772000
C75: bánh mì, sữa, nước ở từ dũ | D75: Ăn uống | E75: Chung | F75: =53000+5000+10000
C76: coop | D76: Ăn uống | E76: Chung | F76: =64000+1030000 | G76: vp
B77: 15/2 | C77: tini | D77: vui chơi | E77: SUBO | F77: 182000 | G77: vp
C78: emart | D78: Ăn uống | E78: Chung | F78: =46000+34000+2095000+218000 | G78: vp
B79: 16/2 | C79: khám nđ2 | D79: Y tế | E79: SUGI | F79: =29000+58000+581000 | G79: vp
C80: kingfood | D80: Ăn uống | E80: Chung | F80: =153000+351000 | G80: vp
C81: hoa mai | D81: đồ dùng GĐ | E81: Chung | F81: 550000
B82: 17/2 | C82: youtube | D82: vui chơi | E82: chồng | F82: 88000 | G82: vp
C83: dâu tây | D83: Ăn uống | E83: Chung | F83: 590000
B84: 18/2 | C84: bỉm tã | D84: đồ dùng GĐ | E84: SUGI | F84: 380000 | G84: vp
C85: rong biển | D85: Ăn uống | E85: Chung | F85: 107000 | G85: vp
B86: 20/2 | C86: xe đi bv | D86: phí tiện ích | E86: SUGI | F86: =23000+57000+65000 | G86: vp
C87: Điện thoại | D87: phí tiện ích | E87: chồng | F87: 10000
C88: circle k, kem pizza | D88: event | E88: Chung | F88: =38000+650000+1172000 | G88: vp
B89: 21/2 | C89: winmart | D89: Ăn uống | E89: Chung | F89: 51000 | G89: vp
C90: đi chơi phố đi bộ, .. | D90: vui chơi | E90: Chung | F90: =40000+45000+14000+14000
C91: khám nhi dôngd | D91: Y tế | E91: SUGI | F91: 900000
B92: 22/2 | C92: tini | D92: vui chơi | E92: SUBO | F92: 162000 | G92: vp
C93: Cắt tóc | D93: phí tiện ích | E93: chồng | F93: 686000
C94: emart | D94: Ăn uống | E94: Chung | F94: =23000+267000+1219000 | G94: vp
B95: 23/2 | C95: be đón bo | D95: phí tiện ích | E95: SUBO | F95: =21000+4000+29000 | G95: vp
B96: 24/2 | C96: xăng ck | D96: phí tiện ích | E96: chồng | F96: 60000 | G96: vp
C97: khám nđ | D97: Y tế | E97: SUGI | F97: 150000 | G97: vp
C98: be nhi đồng | D98: phí tiện ích | E98: SUGI | F98: 61000 | G98: vp
C99: spee đồ quần áo, cài cho sugi | D99: đồ dùng GĐ | E99: SUGI | F99: =119000+265000+129000 | G99: vp
C100: lì xì tết bm vk | D100: event | E100: Chung | F100: 5000000
...

Sheet OUSTANDING - CK
C2: =C3-SUM(C4:C18)
B3: TỔNG THUẾ | C3: =18000000+35100000
B4: t1 | C4: 3000000
B5: t2 | C5: 3000000
B6: t3 | C6: 3000000
B7: t4 | C7: 3000000
B8: t5 | C8: 3000000
B9: t6 | C9: 3000000
B10: t7 | C10: 3000000
B11: t8 | C11: 3000000
B12: t9 | C12: 3000000
B13: t10 | C13: 3000000

Sheet OUTSTANDING VK
B2: =B3-SUM(B4:B18)
B3: 35490000
A4: t11 | B4: =3000000
A5: t12 | B5: 3000000
A6: t1 | B6: 3000000
A7: t2 | B7: 3000000
A8: t3 | B8: 3000000
A9: t4 | B9: 3000000
A10: t5 | B10: 3000000
A11: t6 | B11: 3000000
A12: t7 | B12: 3000000
A13: t8 | B13: 3000000
A14: t9 | B14: 3000000
A15: 10 | B15: 2490000

Sheet mừng tuổi
B1: =SUM(B2:B37)
A2: ôb nội | B2: 4000000
A3: chú minh | B3: 2000000
A4: bà hương | B4: 2000000
A5: bà ngoại | B5: 2000000
A6: bà hạnh | B6: 1000000
A7: bà hải | B7: 1000000
A8: bà hằng | B8: 2000000
A9: cậu minh | B9: 400000
A10: dì na | B10: 1000000
A11: o như | B11: 1400000
A12: cty ck | B12: 200000
A13: hàng xóm | B13: 160000

Sheet mừng sinh sugi
B1: =SUM(B2:B465)
A2: chị thắm | B2: 1000000
A3: dì sen | B3: 500000
A4: bà hằng | B4: 8000000
A5: bác sen | B5: 500000
A6: chú mành | B6: 500000
A7: dì hải phú | B7: 500000
A8: o liệu, quỳnh | B8: 1000000
A9: ông bà nội | B9: 10000000
A10: bà hạnh | B10: 1000000
A11: bà hương, ông triều | B11: 1000000
A12: bác thuận | B12: 200000

Sheet KẾ HOẠCH ĐẦU TƯ & TÍCH LŨY
A1: A. TỔNG QUAN DANH MỤC ĐẦU TƯ HIỆN TẠI (PORTFOLIO) | K1: C. DỰ PHÓNG TÀI SẢN DÀI HẠN (Góp 12tr/tháng, tăng 5%/năm)
A2: Mã tài sản/Kênh | B2: Loại tài sản | C2: Số CCQ / Số tiền gốc | D2: NAV/Giá thị trường | E2: Giá trị hiện tại (VNĐ) | F2: Tỷ trọng thực tế (%) | G2: Tỷ trọng mục tiêu (%) | H2: Lãi/Lỗ (VNĐ) | I2: Trạng thái/Hành động | K2: Năm | L2: Thận trọng (7%) | M2: Cơ sở (10%) | N2: Lạc quan (13%) | O2: Sức mua (Cơ sở, lạm phát 4%)
A3: FUEVFVND | B3: ETF VN Diamond | C3: 890.26 | D3: 33300 | E3: =C3*D3 | F3: =IF(SUM($E$3:$E$8)>0, E3/SUM($E$3:$E$8), 0) | G3: 0.3 | H3: =E3-SUM(D13:D24) | I3: DCA | K3: 1 | L3: =144000000*(((1+7%)^$K3 - (1+5%)^$K3)/(7%-5%)) | M3: =144000000*(((1+10%)^$K3 - (1+5%)^$K3)/(10%-5%)) | N3: =144000000*(((1+13%)^$K3 - (1+5%)^$K3)/(13%-5%)) | O3: =$M3/((1+4%)^$K3)
A4: DCDS | B4: Quỹ mở Large cap | C4: 272.71 | D4: 91495 | E4: =C4*D4 | F4: =IF(SUM($E$3:$E$8)>0, E4/SUM($E$3:$E$8), 0) | G4: 0.25 | H4: =E4-SUM(E13:E24) | I4: DCA | K4: 3 | L4: =144000000*(((1+7%)^$K4 - (1+5%)^$K4)/(7%-5%)) | M4: =144000000*(((1+10%)^$K4 - (1+5%)^$K4)/(10%-5%)) | N4: =144000000*(((1+13%)^$K4 - (1+5%)^$K4)/(13%-5%)) | O4: =$M4/((1+4%)^$K4)
A5: VESAF | B5: Quỹ mở Mid cap | C5: 968.73 | D5: 46250 | E5: =C5*D5 | F5: =IF(SUM($E$3:$E$8)>0, E5/SUM($E$3:$E$8), 0) | G5: 0.45 | H5: =E5-SUM(F13:F24) | I5: DCA | K5: 5 | L5: =144000000*(((1+7%)^$K5 - (1+5%)^$K5)/(7%-5%)) | M5: =144000000*(((1+10%)^$K5 - (1+5%)^$K5)/(10%-5%)) | N5: =144000000*(((1+13%)^$K5 - (1+5%)^$K5)/(13%-5%)) | O5: =$M5/((1+4%)^$K5)
A6: E1VFVN30 | B6: ETF VN30 | C6: 0 | D6: 0 | E6: =C6*D6 | F6: =IF(SUM($E$3:$E$8)>0, E6/SUM($E$3:$E$8), 0) | G6: 0 | I6: Giữ nguyên | K6: 10 | L6: =144000000*(((1+7%)^$K6 - (1+5%)^$K6)/(7%-5%)) | M6: =144000000*(((1+10%)^$K6 - (1+5%)^$K6)/(10%-5%)) | N6: =144000000*(((1+13%)^$K6 - (1+5%)^$K6)/(13%-5%)) | O6: =$M6/((1+4%)^$K6)
A7: VCBF-BCF | B7: Quỹ mở VCBF | C7: 0 | D7: 0 | E7: =C7*D7 | F7: =IF(SUM($E$3:$E$8)>0, E7/SUM($E$3:$E$8), 0) | G7: 0 | I7: Giữ nguyên | K7: 15 | L7: =144000000*(((1+7%)^$K7 - (1+5%)^$K7)/(7%-5%)) | M7: =144000000*(((1+10%)^$K7 - (1+5%)^$K7)/(10%-5%)) | N7: =144000000*(((1+13%)^$K7 - (1+5%)^$K7)/(13%-5%)) | O7: =$M7/((1+4%)^$K7)
A8: Tiết kiệm/Khẩn cấp | B8: Tiền mặt | C8: =SUM(C13:C24)+SUM(G13:G24) | D8: 1 | E8: =C8*D8 | F8: =IF(SUM($E$3:$E$8)>0, E8/SUM($E$3:$E$8), 0) | G8: 0 | H8: 0 | I8: Linh hoạt | K8: 20 | L8: =144000000*(((1+7%)^$K8 - (1+5%)^$K8)/(7%-5%)) | M8: =144000000*(((1+10%)^$K8 - (1+5%)^$K8)/(10%-5%)) | N8: =144000000*(((1+13%)^$K8 - (1+5%)^$K8)/(13%-5%)) | O8: =$M8/((1+4%)^$K8)
K9: 25 | L9: =144000000*(((1+7%)^$K9 - (1+5%)^$K9)/(7%-5%)) | M9: =144000000*(((1+10%)^$K9 - (1+5%)^$K9)/(10%-5%)) | N9: =144000000*(((1+13%)^$K9 - (1+5%)^$K9)/(13%-5%)) | O9: =$M9/((1+4%)^$K9)
K10: 30 | L10: =144000000*(((1+7%)^$K10 - (1+5%)^$K10)/(7%-5%)) | M10: =144000000*(((1+10%)^$K10 - (1+5%)^$K10)/(10%-5%)) | N10: =144000000*(((1+13%)^$K10 - (1+5%)^$K10)/(13%-5%)) | O10: =$M10/((1+4%)^$K10)
A11: B. BẢNG THEO DÕI PHÂN BỔ TIỀN DƯ THỰC TẾ NĂM 2026 (12 THÁNG)
A12: Tháng | B12: Tiền Dư Hàng Tháng | C12: Trích Quỹ Khẩn Cấp / Tiết Kiệm (VNĐ) | D12: Mua FUEVFVND (30% DCA) | E12: Mua DCDS (25% DCA) | F12: Mua VESAF (45% DCA) | G12: Quỹ Tiền Mặt Bắt Đáy | H12: Tổng Đầu Tư & Tiết Kiệm | I12: Trạng Thái Khớp Lệnh | K12: D. QUY TẮC GIẢI NGÂN QUỸ BẮT ĐÁY KHI THỊ TRƯỜNG GIẢM
A13: 1 | B13: ='MASTER -YEARLY'!N4 | C13: ='MASTER -YEARLY'!P4 | D13: ='MASTER -YEARLY'!Q4*30% | E13: ='MASTER -YEARLY'!Q4*25% | F13: ='MASTER -YEARLY'!Q4*45% | G13: ='MASTER -YEARLY'!R4 | H13: ='MASTER -YEARLY'!S4 | I13: Đã mua | K13: Mức VN-Index giảm | L13: Tỷ lệ giải ngân (từ Quỹ tiền mặt)
A14: 2 | B14: ='MASTER -YEARLY'!N5 | C14: ='MASTER -YEARLY'!P5 | D14: ='MASTER -YEARLY'!Q5*30% | E14: ='MASTER -YEARLY'!Q5*25% | F14: ='MASTER -YEARLY'!Q5*45% | G14: ='MASTER -YEARLY'!R5 | H14: ='MASTER -YEARLY'!S5 | I14: Đã mua | K14: 10% - 19% | L14: 0.15
A15: 3 | B15: ='MASTER -YEARLY'!N6 | C15: ='MASTER -YEARLY'!P6 | D15: ='MASTER -YEARLY'!Q6*30% | E15: ='MASTER -YEARLY'!Q6*25% | F15: ='MASTER -YEARLY'!Q6*45% | G15: ='MASTER -YEARLY'!R6 | H15: ='MASTER -YEARLY'!S6 | I15: Đã mua | K15: 20% - 29% | L15: 0.25
A16: 4 | B16: ='MASTER -YEARLY'!N7 | C16: ='MASTER -YEARLY'!P7 | D16: ='MASTER -YEARLY'!Q7*30% | E16: ='MASTER -YEARLY'!Q7*25% | F16: ='MASTER -YEARLY'!Q7*45% | G16: ='MASTER -YEARLY'!R7 | H16: ='MASTER -YEARLY'!S7 | I16: Đã mua | K16: 30% - 39% | L16: 0.3
A17: 5 | B17: ='MASTER -YEARLY'!N8 | C17: ='MASTER -YEARLY'!P8 | D17: ='MASTER -YEARLY'!Q8*30% | E17: ='MASTER -YEARLY'!Q8*25% | F17: ='MASTER -YEARLY'!Q8*45% | G17: ='MASTER -YEARLY'!R8 | H17: ='MASTER -YEARLY'!S8 | I17: Đã mua | K17: >= 40% | L17: 30% (Phần còn lại)
A18: 6 | B18: ='MASTER -YEARLY'!N9 | C18: ='MASTER -YEARLY'!P9 | D18: ='MASTER -YEARLY'!Q9*30% | E18: ='MASTER -YEARLY'!Q9*25% | F18: ='MASTER -YEARLY'!Q9*45% | G18: ='MASTER -YEARLY'!R9 | H18: ='MASTER -YEARLY'!S9 | I18: Đã mua
A19: 7 | B19: ='MASTER -YEARLY'!N10 | C19: ='MASTER -YEARLY'!P10 | D19: ='MASTER -YEARLY'!Q10*30% | E19: ='MASTER -YEARLY'!Q10*25% | F19: ='MASTER -YEARLY'!Q10*45% | G19: ='MASTER -YEARLY'!R10 | H19: ='MASTER -YEARLY'!S10 | I19: Đã mua
A20: 8 | B20: ='MASTER -YEARLY'!N11 | C20: ='MASTER -YEARLY'!P11 | D20: ='MASTER -YEARLY'!Q11*30% | E20: ='MASTER -YEARLY'!Q11*25% | F20: ='MASTER -YEARLY'!Q11*45% | G20: ='MASTER -YEARLY'!R11 | H20: ='MASTER -YEARLY'!S11 | I20: Đã mua
A21: 9 | B21: ='MASTER -YEARLY'!N12 | C21: ='MASTER -YEARLY'!P12 | D21: ='MASTER -YEARLY'!Q12*30% | E21: ='MASTER -YEARLY'!Q12*25% | F21: ='MASTER -YEARLY'!Q12*45% | G21: ='MASTER -YEARLY'!R12 | H21: ='MASTER -YEARLY'!S12 | I21: Đã mua
A22: 10 | B22: ='MASTER -YEARLY'!N13 | C22: ='MASTER -YEARLY'!P13 | D22: ='MASTER -YEARLY'!Q13*30% | E22: ='MASTER -YEARLY'!Q13*25% | F22: ='MASTER -YEARLY'!Q13*45% | G22: ='MASTER -YEARLY'!R13 | H22: ='MASTER -YEARLY'!S13 | I22: Dự kiến
A23: 11 | B23: ='MASTER -YEARLY'!N14 | C23: ='MASTER -YEARLY'!P14 | D23: ='MASTER -YEARLY'!Q14*30% | E23: ='MASTER -YEARLY'!Q14*25% | F23: ='MASTER -YEARLY'!Q14*45% | G23: ='MASTER -YEARLY'!R14 | H23: ='MASTER -YEARLY'!S14 | I23: Dự kiến
A24: 12 | B24: ='MASTER -YEARLY'!N15 | C24: ='MASTER -YEARLY'!P15 | D24: ='MASTER -YEARLY'!Q15*30% | E24: ='MASTER -YEARLY'!Q15*25% | F24: ='MASTER -YEARLY'!Q15*45% | G24: ='MASTER -YEARLY'!R15 | H24: ='MASTER -YEARLY'!S15 | I24: Dự kiến
